year,davao_pm25_satellite_ugm3,n_pixels
2020,16.191848754882812,19
2021,15.528980255126953,19
2022,15.68756103515625,19
2023,14.158205032348633,19
2024,15.613186836242676,19
