year,davao_pm25_v6gl0204,n_pixels
2020,11.694917678833008,19
2021,13.639373779296875,19
2022,13.478543281555176,19
