population_group_id,population_group_name,measure_id,measure_name,location_id,location_name,sex_id,sex_name,age_id,age_name,cause_id,cause_name,metric_id,metric_name,year,val,upper,lower
1,All Population,5,Prevalence,53576,Guimaras,3,Both,23,5-14 years,630,Low back pain,3,Rate,2013,785.54441898242,1091.94475896078,557.1243498556299
1,All Population,5,Prevalence,53565,Catanduanes,3,Both,23,5-14 years,626,Musculoskeletal disorders,3,Rate,2013,1048.31323786785,1405.19877085158,764.95703454148
1,All Population,5,Prevalence,53565,Catanduanes,3,Both,23,5-14 years,630,Low back pain,3,Rate,2013,787.0407437375601,1081.65421336692,562.97878723843
1,All Population,5,Prevalence,53553,Nueva Ecija,3,Both,23,5-14 years,626,Musculoskeletal disorders,3,Rate,2013,1037.4508965022,1368.13643799758,772.90866274512
1,All Population,5,Prevalence,53553,Nueva Ecija,3,Both,23,5-14 years,630,Low back pain,3,Rate,2013,768.5444124921199,1104.75988316591,537.0076008828801
1,All Population,5,Prevalence,53581,Southern Leyte,3,Both,23,5-14 years,626,Musculoskeletal disorders,3,Rate,2013,1038.0082036701099,1345.45885720739,766.44072496174
1,All Population,5,Prevalence,53600,South Cotabato,3,Both,23,5-14 years,626,Musculoskeletal disorders,3,Rate,2013,1039.55063693295,1379.3676600348101,784.4548158728801
1,All Population,5,Prevalence,53600,South Cotabato,3,Both,23,5-14 years,630,Low back pain,3,Rate,2013,770.00664985219,1075.96284324826,545.46357561602
1,All Population,5,Prevalence,53581,Southern Leyte,3,Both,23,5-14 years,630,Low back pain,3,Rate,2013,786.0037416506999,1101.86386135296,563.0509405435299
1,All Population,5,Prevalence,53589,Zamboanga Del Sur,3,Both,23,5-14 years,626,Musculoskeletal disorders,3,Rate,2013,1042.6673270978401,1377.61375115548,778.03082048487
1,All Population,5,Prevalence,53589,Zamboanga Del Sur,3,Both,23,5-14 years,630,Low back pain,3,Rate,2013,777.2452590929499,1112.3336151887902,563.7464746579201
1,All Population,5,Prevalence,53551,Pampanga,3,Both,23,5-14 years,626,Musculoskeletal disorders,3,Rate,2014,1047.10834882196,1389.5893479501299,764.70795885391
1,All Population,5,Prevalence,53551,Pampanga,3,Both,23,5-14 years,630,Low back pain,3,Rate,2014,767.97612934794,1094.49851218138,547.00668312972
1,All Population,5,Prevalence,53548,Bataan,3,Both,23,5-14 years,626,Musculoskeletal disorders,3,Rate,2014,1038.71223946495,1341.40868346884,764.28981695368
1,All Population,5,Prevalence,53548,Bataan,3,Both,23,5-14 years,630,Low back pain,3,Rate,2014,768.95351219769,1076.20911862275,534.47802076526
1,All Population,5,Prevalence,53578,Cebu,3,Both,23,5-14 years,626,Musculoskeletal disorders,3,Rate,2013,1023.3315229505499,1344.7022790096398,757.51650687623
1,All Population,5,Prevalence,53578,Cebu,3,Both,23,5-14 years,630,Low back pain,3,Rate,2013,753.48375002291,1070.14244347763,538.13524786243
1,All Population,5,Prevalence,53575,Iloilo,3,Both,23,5-14 years,626,Musculoskeletal disorders,3,Rate,2014,1027.73103343827,1366.0926211514,765.7756646534
1,All Population,5,Prevalence,53570,Camarines Sur,3,Both,23,5-14 years,626,Musculoskeletal disorders,3,Rate,2014,1038.69614556223,1376.64948598432,759.51815417608
1,All Population,5,Prevalence,53570,Camarines Sur,3,Both,23,5-14 years,630,Low back pain,3,Rate,2014,768.33338188639,1102.81160527508,538.1797902107901
1,All Population,5,Prevalence,53567,Sorsogon,3,Both,23,5-14 years,630,Low back pain,3,Rate,2013,793.57907772917,1129.5661038911198,565.7754523648499
1,All Population,5,Prevalence,53606,Surigao Del Sur,3,Both,23,5-14 years,626,Musculoskeletal disorders,3,Rate,2014,1047.44265416244,1389.03367906776,774.13075257254
1,All Population,5,Prevalence,53606,Surigao Del Sur,3,Both,23,5-14 years,630,Low back pain,3,Rate,2014,786.14806514646,1114.18861820413,559.6190526727501
1,All Population,5,Prevalence,53598,Davao Occidental,3,Both,23,5-14 years,630,Low back pain,3,Rate,2014,772.92592833299,1087.6593930154202,541.0237894668101
1,All Population,5,Prevalence,53544,Cagayan,3,Both,23,5-14 years,626,Musculoskeletal disorders,3,Rate,2013,1028.47528101336,1352.9105408036999,768.10140605675
1,All Population,5,Prevalence,53559,Quezon,3,Both,23,5-14 years,630,Low back pain,3,Rate,2014,780.53418912416,1088.7468535976,550.6778531022301
1,All Population,5,Prevalence,53534,Ifugao,3,Both,23,5-14 years,626,Musculoskeletal disorders,3,Rate,2013,1047.3500867053501,1385.83777121831,784.5086142475701
1,All Population,5,Prevalence,53534,Ifugao,3,Both,23,5-14 years,630,Low back pain,3,Rate,2013,784.93774766014,1114.50817288905,571.4319833101899
1,All Population,5,Prevalence,53542,Pangasinan,3,Both,23,5-14 years,626,Musculoskeletal disorders,3,Rate,2013,1032.51569197855,1363.34194755512,765.65770652289
1,All Population,5,Prevalence,53542,Pangasinan,3,Both,23,5-14 years,630,Low back pain,3,Rate,2013,761.98381524243,1083.40808444985,529.1644244732199
1,All Population,5,Prevalence,53602,Cotabato (North Cotabato),3,Both,23,5-14 years,626,Musculoskeletal disorders,3,Rate,2013,1013.51108873587,1346.39670734322,740.251643519
1,All Population,5,Prevalence,53559,Quezon,3,Both,23,5-14 years,626,Musculoskeletal disorders,3,Rate,2014,1053.93170706613,1403.3732400328,784.51224239374
1,All Population,5,Prevalence,53555,Rizal,3,Both,23,5-14 years,626,Musculoskeletal disorders,3,Rate,2013,1042.11859717177,1379.69712536098,772.06416988163
1,All Population,5,Prevalence,53555,Rizal,3,Both,23,5-14 years,630,Low back pain,3,Rate,2013,766.32678716077,1086.5194998531001,542.87676654147
1,All Population,5,Prevalence,53583,Northern Samar,3,Both,23,5-14 years,626,Musculoskeletal disorders,3,Rate,2014,1067.0696764060401,1399.5001565211799,779.26223353583
1,All Population,5,Prevalence,53583,Northern Samar,3,Both,23,5-14 years,630,Low back pain,3,Rate,2014,796.57074004893,1125.81355120085,569.54394358317
1,All Population,5,Prevalence,53533,Mountain Province,3,Both,23,5-14 years,626,Musculoskeletal disorders,3,Rate,2013,1065.21985940125,1394.6106144945,774.31596571097
1,All Population,5,Prevalence,53602,Cotabato (North Cotabato),3,Both,23,5-14 years,630,Low back pain,3,Rate,2013,776.26282905687,1081.37125803956,555.91836794019
1,All Population,5,Prevalence,53533,Mountain Province,3,Both,23,5-14 years,630,Low back pain,3,Rate,2013,802.08845827186,1136.90048477028,573.67082786299
1,All Population,5,Prevalence,53611,Sulu,3,Both,23,5-14 years,626,Musculoskeletal disorders,3,Rate,2014,988.16327295983,1295.00295859286,719.20855914194
1,All Population,5,Prevalence,53611,Sulu,3,Both,23,5-14 years,630,Low back pain,3,Rate,2014,761.72230687193,1065.68543331838,533.7797967039099
1,All Population,5,Prevalence,53595,Davao Oriental,3,Both,23,5-14 years,626,Musculoskeletal disorders,3,Rate,2014,1050.69919040848,1386.78324927402,768.17749039885
1,All Population,5,Prevalence,53595,Davao Oriental,3,Both,23,5-14 years,630,Low back pain,3,Rate,2014,790.57047513039,1121.53431751677,555.81973833131
1,All Population,5,Prevalence,53612,Maguindanao,3,Both,23,5-14 years,626,Musculoskeletal disorders,3,Rate,2013,1022.4394012080401,1338.66957374935,756.60825934423
1,All Population,5,Prevalence,53612,Maguindanao,3,Both,23,5-14 years,630,Low back pain,3,Rate,2013,770.4630954025799,1070.69569007278,552.0677865438901
1,All Population,5,Prevalence,53608,Dinagat Islands,3,Both,23,5-14 years,626,Musculoskeletal disorders,3,Rate,2014,1038.89111131959,1368.47759401445,773.67152681751
1,All Population,5,Prevalence,53608,Dinagat Islands,3,Both,23,5-14 years,630,Low back pain,3,Rate,2014,770.22519607306,1080.20970040661,544.75718516419
1,All Population,5,Prevalence,53564,Marinduque,3,Both,23,5-14 years,626,Musculoskeletal disorders,3,Rate,2014,1066.46610172924,1388.70881365986,810.22809217346
1,All Population,5,Prevalence,53564,Marinduque,3,Both,23,5-14 years,630,Low back pain,3,Rate,2014,786.39109809997,1096.6995073099501,566.27859217913
1,All Population,5,Prevalence,53594,Camiguin,3,Both,23,5-14 years,626,Musculoskeletal disorders,3,Rate,2013,1014.60378468276,1352.84323933495,732.3044859128299
1,All Population,5,Prevalence,53594,Camiguin,3,Both,23,5-14 years,630,Low back pain,3,Rate,2013,775.86334301418,1079.13883914507,546.97230227579
1,All Population,5,Prevalence,53582,Eastern Samar,3,Both,23,5-14 years,630,Low back pain,3,Rate,2014,800.4976473145899,1140.5945035125599,565.4636138212
1,All Population,5,Prevalence,53597,Davao Del Sur,3,Both,23,5-14 years,626,Musculoskeletal disorders,3,Rate,2014,1033.86624395734,1382.0396324849,762.6370558664099
1,All Population,5,Prevalence,53597,Davao Del Sur,3,Both,23,5-14 years,630,Low back pain,3,Rate,2014,766.46438128917,1083.69072687604,535.76945858702
1,All Population,5,Prevalence,53577,Negros Oriental,3,Both,23,5-14 years,626,Musculoskeletal disorders,3,Rate,2014,1040.83866439613,1378.29126889327,773.17148721641
1,All Population,5,Prevalence,53577,Negros Oriental,3,Both,23,5-14 years,630,Low back pain,3,Rate,2014,781.6326056992499,1119.36621664324,542.48050033451
1,All Population,5,Prevalence,53580,Siquijor,3,Both,23,5-14 years,626,Musculoskeletal disorders,3,Rate,2013,1073.10635219054,1414.39757822615,801.9668905583401
1,All Population,5,Prevalence,53580,Siquijor,3,Both,23,5-14 years,630,Low back pain,3,Rate,2013,797.2844662212699,1118.55158054681,571.2000495871999
1,All Population,5,Prevalence,53613,Lanao Del Sur,3,Both,23,5-14 years,626,Musculoskeletal disorders,3,Rate,2013,1005.00542386793,1349.19940647091,740.63953131937
1,All Population,5,Prevalence,53560,Occidental Mindoro,3,Both,23,5-14 years,626,Musculoskeletal disorders,3,Rate,2013,1043.01438255198,1356.38013312456,772.26778781367
1,All Population,5,Prevalence,53560,Occidental Mindoro,3,Both,23,5-14 years,630,Low back pain,3,Rate,2013,778.70386995984,1084.3675120841099,552.25827380403
1,All Population,5,Prevalence,53547,Batanes,3,Both,23,5-14 years,626,Musculoskeletal disorders,3,Rate,2013,1068.63013582355,1394.71848388904,778.61193686634
1,All Population,5,Prevalence,53610,Basilan,3,Both,23,5-14 years,626,Musculoskeletal disorders,3,Rate,2014,966.3226272885701,1273.94978891653,692.0940827844
1,All Population,5,Prevalence,53535,Benguet,3,Both,23,5-14 years,626,Musculoskeletal disorders,3,Rate,2014,1025.88921242707,1376.60176033229,758.94999402979
1,All Population,5,Prevalence,53535,Benguet,3,Both,23,5-14 years,630,Low back pain,3,Rate,2014,765.38420394691,1084.82921369762,537.05676747291
1,All Population,5,Prevalence,53535,Benguet,3,Both,23,5-14 years,626,Musculoskeletal disorders,3,Rate,2013,1031.09319798255,1369.66122872588,761.39865883059
1,All Population,5,Prevalence,53535,Benguet,3,Both,23,5-14 years,630,Low back pain,3,Rate,2013,770.0202724383801,1095.74088941534,544.31501456958
1,All Population,5,Prevalence,53561,Oriental Mindoro,3,Both,23,5-14 years,626,Musculoskeletal disorders,3,Rate,2014,1047.99750600021,1386.92101716959,774.18196849684
1,All Population,5,Prevalence,53561,Oriental Mindoro,3,Both,23,5-14 years,630,Low back pain,3,Rate,2014,777.39993315752,1093.6205701477002,544.8440184227101
1,All Population,5,Prevalence,53606,Surigao Del Sur,3,Both,23,5-14 years,626,Musculoskeletal disorders,3,Rate,2013,1057.2141792002099,1390.90874743955,779.29148914204
1,All Population,5,Prevalence,53606,Surigao Del Sur,3,Both,23,5-14 years,630,Low back pain,3,Rate,2013,794.23471335346,1122.47855658975,566.3440077243699
1,All Population,5,Prevalence,53610,Basilan,3,Both,23,5-14 years,630,Low back pain,3,Rate,2014,752.03876736653,1050.04748299214,524.37938450938
1,All Population,5,Prevalence,53536,Abra,3,Both,23,5-14 years,626,Musculoskeletal disorders,3,Rate,2014,1042.59354559015,1376.41300623362,775.8959646426699
1,All Population,5,Prevalence,53572,Aklan,3,Both,23,5-14 years,626,Musculoskeletal disorders,3,Rate,2014,1023.95148280512,1341.82637520478,752.67637721166
1,All Population,5,Prevalence,53572,Aklan,3,Both,23,5-14 years,630,Low back pain,3,Rate,2014,762.1412266590401,1080.47017574932,538.45046376442
1,All Population,5,Prevalence,16,Philippines,3,Both,23,5-14 years,626,Musculoskeletal disorders,3,Rate,2014,1029.49333266367,1354.88609926594,757.93786565889
1,All Population,5,Prevalence,16,Philippines,3,Both,23,5-14 years,630,Low back pain,3,Rate,2014,766.348407759,1087.8447125412702,546.14279775188
1,All Population,5,Prevalence,53568,Albay,3,Both,23,5-14 years,626,Musculoskeletal disorders,3,Rate,2013,1032.45075076485,1367.02126386316,769.22808247023
1,All Population,5,Prevalence,53591,Bukidnon,3,Both,23,5-14 years,626,Musculoskeletal disorders,3,Rate,2013,1011.95642956528,1365.22356532288,744.82067353251
1,All Population,5,Prevalence,53591,Bukidnon,3,Both,23,5-14 years,630,Low back pain,3,Rate,2013,769.24441749597,1092.18345506014,536.25870688233
1,All Population,5,Prevalence,53568,Albay,3,Both,23,5-14 years,630,Low back pain,3,Rate,2013,770.18546208267,1097.13913685776,553.1805955695299
1,All Population,5,Prevalence,53557,Laguna,3,Both,23,5-14 years,626,Musculoskeletal disorders,3,Rate,2013,1026.2530352918,1355.3814024299,759.40791474384
1,All Population,5,Prevalence,53557,Laguna,3,Both,23,5-14 years,630,Low back pain,3,Rate,2013,754.96270847343,1047.02194108618,535.52148714627
1,All Population,5,Prevalence,53605,Agusan Del Sur,3,Both,23,5-14 years,626,Musculoskeletal disorders,3,Rate,2013,1027.0699078603,1357.48570442228,767.56547853997
1,All Population,5,Prevalence,53547,Batanes,3,Both,23,5-14 years,630,Low back pain,3,Rate,2013,795.43670847231,1112.17759543118,565.9392120195901
1,All Population,5,Prevalence,53590,Misamis Occidental,3,Both,23,5-14 years,626,Musculoskeletal disorders,3,Rate,2014,1043.11134096151,1361.18909473799,780.95373591442
1,All Population,5,Prevalence,53563,Palawan,3,Both,23,5-14 years,626,Musculoskeletal disorders,3,Rate,2014,1063.88633641061,1402.4401774559099,806.7606999503801
1,All Population,5,Prevalence,53563,Palawan,3,Both,23,5-14 years,630,Low back pain,3,Rate,2014,793.8940973767499,1116.15546847019,560.1618814577
1,All Population,5,Prevalence,53546,Quirino,3,Both,23,5-14 years,626,Musculoskeletal disorders,3,Rate,2013,1052.1031605862202,1385.11367308756,790.4791739411301
1,All Population,5,Prevalence,53546,Quirino,3,Both,23,5-14 years,630,Low back pain,3,Rate,2013,774.25626144173,1087.36261030735,549.6962421685299
1,All Population,5,Prevalence,53582,Eastern Samar,3,Both,23,5-14 years,630,Low back pain,3,Rate,2013,805.5977560482,1150.33978373446,572.26885785503
1,All Population,5,Prevalence,53585,Leyte,3,Both,23,5-14 years,626,Musculoskeletal disorders,3,Rate,2014,1037.3114418401801,1355.54667934921,760.35868001758
1,All Population,5,Prevalence,53585,Leyte,3,Both,23,5-14 years,630,Low back pain,3,Rate,2014,772.27789663697,1083.04317899329,538.9687971248601
1,All Population,5,Prevalence,53608,Dinagat Islands,3,Both,23,5-14 years,626,Musculoskeletal disorders,3,Rate,2013,1040.96835489393,1360.0533738198899,773.52918630176
1,All Population,5,Prevalence,53608,Dinagat Islands,3,Both,23,5-14 years,630,Low back pain,3,Rate,2013,772.99131236666,1072.6157265695501,546.04256359126
1,All Population,5,Prevalence,53550,Tarlac,3,Both,23,5-14 years,626,Musculoskeletal disorders,3,Rate,2014,1028.8400804702599,1362.20714427272,753.24534420342
1,All Population,5,Prevalence,53550,Tarlac,3,Both,23,5-14 years,630,Low back pain,3,Rate,2014,757.07784098499,1085.86121082558,536.33799321067
1,All Population,5,Prevalence,53544,Cagayan,3,Both,23,5-14 years,630,Low back pain,3,Rate,2013,778.15792982971,1112.35488506022,547.43190871046
1,All Population,5,Prevalence,53596,Davao de Oro,3,Both,23,5-14 years,626,Musculoskeletal disorders,3,Rate,2013,1027.5511187585898,1345.95400792027,753.62640826019
1,All Population,5,Prevalence,53596,Davao de Oro,3,Both,23,5-14 years,630,Low back pain,3,Rate,2013,776.78619345394,1090.63522204552,545.7288542881399
1,All Population,5,Prevalence,53604,Agusan Del Norte,3,Both,23,5-14 years,626,Musculoskeletal disorders,3,Rate,2013,1037.1179071102001,1358.39083535294,777.20006230918
1,All Population,5,Prevalence,53604,Agusan Del Norte,3,Both,23,5-14 years,630,Low back pain,3,Rate,2013,777.55386430858,1103.30054827739,551.76100769614
1,All Population,5,Prevalence,53559,Quezon,3,Both,23,5-14 years,626,Musculoskeletal disorders,3,Rate,2013,1061.64114202007,1416.45358698807,786.35153187283
1,All Population,5,Prevalence,53536,Abra,3,Both,23,5-14 years,630,Low back pain,3,Rate,2013,776.37733275399,1098.84214319525,547.32935479077
1,All Population,5,Prevalence,53548,Bataan,3,Both,23,5-14 years,626,Musculoskeletal disorders,3,Rate,2013,1045.50921877724,1365.60046241546,769.80360431722
1,All Population,5,Prevalence,53548,Bataan,3,Both,23,5-14 years,630,Low back pain,3,Rate,2013,775.1836857497,1095.43284968781,543.79945526063
1,All Population,5,Prevalence,53576,Guimaras,3,Both,23,5-14 years,626,Musculoskeletal disorders,3,Rate,2014,1049.83682603835,1390.35882264174,782.7672105065
1,All Population,5,Prevalence,53538,Kalinga,3,Both,23,5-14 years,626,Musculoskeletal disorders,3,Rate,2014,1052.7225309549099,1390.09734136791,786.76050519804
1,All Population,5,Prevalence,53538,Kalinga,3,Both,23,5-14 years,630,Low back pain,3,Rate,2014,786.86077763291,1113.08275024562,561.66156015514
1,All Population,5,Prevalence,53576,Guimaras,3,Both,23,5-14 years,630,Low back pain,3,Rate,2014,779.53774233455,1101.4348660381102,544.07669263654
1,All Population,5,Prevalence,53565,Catanduanes,3,Both,23,5-14 years,626,Musculoskeletal disorders,3,Rate,2014,1040.90487805923,1395.07819041564,756.19671890327
1,All Population,5,Prevalence,53565,Catanduanes,3,Both,23,5-14 years,630,Low back pain,3,Rate,2014,779.88137651047,1066.38130290824,551.71529358417
1,All Population,5,Prevalence,53552,Bulacan,3,Both,23,5-14 years,630,Low back pain,3,Rate,2014,758.20514030134,1061.99344678319,530.2215530029399
1,All Population,5,Prevalence,53574,Negros Occidental,3,Both,23,5-14 years,626,Musculoskeletal disorders,3,Rate,2014,1036.33338281238,1362.53466358026,782.41588826346
1,All Population,5,Prevalence,53566,Camarines Norte,3,Both,23,5-14 years,626,Musculoskeletal disorders,3,Rate,2014,1039.30216851701,1368.17350210948,767.0235581537601
1,All Population,5,Prevalence,53566,Camarines Norte,3,Both,23,5-14 years,630,Low back pain,3,Rate,2014,774.59129688907,1089.67316700814,531.602825514
1,All Population,5,Prevalence,53570,Camarines Sur,3,Both,23,5-14 years,626,Musculoskeletal disorders,3,Rate,2013,1038.84193981613,1381.3066217402,758.55805773247
1,All Population,5,Prevalence,53570,Camarines Sur,3,Both,23,5-14 years,630,Low back pain,3,Rate,2013,769.67103245728,1105.59253659053,544.44495920773
1,All Population,5,Prevalence,53579,Bohol,3,Both,23,5-14 years,626,Musculoskeletal disorders,3,Rate,2014,1051.07803025685,1398.50419266158,774.8228628036601
1,All Population,5,Prevalence,53579,Bohol,3,Both,23,5-14 years,630,Low back pain,3,Rate,2014,782.15463123541,1105.3372982527799,543.20088774596
1,All Population,5,Prevalence,53612,Maguindanao,3,Both,23,5-14 years,626,Musculoskeletal disorders,3,Rate,2014,1018.4444224623701,1331.08335294028,761.42891064855
1,All Population,5,Prevalence,53612,Maguindanao,3,Both,23,5-14 years,630,Low back pain,3,Rate,2014,765.9825447516,1072.56019394353,548.21800616325
1,All Population,5,Prevalence,53559,Quezon,3,Both,23,5-14 years,630,Low back pain,3,Rate,2013,787.3996085498001,1108.7522316873399,551.84220153929
1,All Population,5,Prevalence,53587,Zamboanga Sibugay,3,Both,23,5-14 years,626,Musculoskeletal disorders,3,Rate,2014,1033.72268348241,1349.6643339292,762.31358391021
1,All Population,5,Prevalence,53587,Zamboanga Sibugay,3,Both,23,5-14 years,630,Low back pain,3,Rate,2014,771.94612346736,1076.9669641958799,553.26154001756
1,All Population,5,Prevalence,53536,Abra,3,Both,23,5-14 years,626,Musculoskeletal disorders,3,Rate,2013,1039.3682202149998,1369.5502663371801,774.33949640948
1,All Population,5,Prevalence,53574,Negros Occidental,3,Both,23,5-14 years,630,Low back pain,3,Rate,2014,766.93169585787,1061.79947104797,547.90315105272
1,All Population,5,Prevalence,53598,Davao Occidental,3,Both,23,5-14 years,626,Musculoskeletal disorders,3,Rate,2014,1024.5030197992999,1355.2464290917,759.6451835324
1,All Population,5,Prevalence,53610,Basilan,3,Both,23,5-14 years,626,Musculoskeletal disorders,3,Rate,2013,969.69832135642,1277.80421042164,699.43561758386
1,All Population,5,Prevalence,53607,Surigao Del Norte,3,Both,23,5-14 years,626,Musculoskeletal disorders,3,Rate,2013,1056.0966447022001,1392.60095641459,792.8678722612799
1,All Population,5,Prevalence,53607,Surigao Del Norte,3,Both,23,5-14 years,630,Low back pain,3,Rate,2013,786.5947173125601,1081.46805284697,563.17885467692
1,All Population,5,Prevalence,53593,Misamis Oriental,3,Both,23,5-14 years,626,Musculoskeletal disorders,3,Rate,2013,1024.56568207587,1331.89796224091,749.06933958146
1,All Population,5,Prevalence,53593,Misamis Oriental,3,Both,23,5-14 years,630,Low back pain,3,Rate,2013,764.4932345930499,1052.32331241273,552.0506615140599
1,All Population,5,Prevalence,53610,Basilan,3,Both,23,5-14 years,630,Low back pain,3,Rate,2013,756.41333718827,1061.43607663428,529.91734481187
1,All Population,5,Prevalence,53592,Lanao Del Norte,3,Both,23,5-14 years,626,Musculoskeletal disorders,3,Rate,2014,1014.8483279248201,1344.41942602452,742.58229778927
1,All Population,5,Prevalence,53592,Lanao Del Norte,3,Both,23,5-14 years,630,Low back pain,3,Rate,2014,764.01570846267,1086.36940366862,543.14555097111
1,All Population,5,Prevalence,53567,Sorsogon,3,Both,23,5-14 years,630,Low back pain,3,Rate,2014,790.5705609915201,1125.2504939994299,564.52887294495
1,All Population,5,Prevalence,53550,Tarlac,3,Both,23,5-14 years,626,Musculoskeletal disorders,3,Rate,2013,1035.37416229809,1370.20245857995,761.93270530572
1,All Population,5,Prevalence,53550,Tarlac,3,Both,23,5-14 years,630,Low back pain,3,Rate,2013,762.75236241143,1093.8772872114398,537.6518291019499
1,All Population,5,Prevalence,53578,Cebu,3,Both,23,5-14 years,626,Musculoskeletal disorders,3,Rate,2014,1019.47953229213,1343.8715437207102,755.7571793122701
1,All Population,5,Prevalence,53578,Cebu,3,Both,23,5-14 years,630,Low back pain,3,Rate,2014,749.5881331171,1068.7108725115,534.2409242060501
1,All Population,5,Prevalence,53561,Oriental Mindoro,3,Both,23,5-14 years,626,Musculoskeletal disorders,3,Rate,2013,1062.93272512924,1404.4845905462298,786.8679608364
1,All Population,5,Prevalence,53561,Oriental Mindoro,3,Both,23,5-14 years,630,Low back pain,3,Rate,2013,789.50501847093,1107.9872564505501,556.11312001495
1,All Population,5,Prevalence,53613,Lanao Del Sur,3,Both,23,5-14 years,630,Low back pain,3,Rate,2014,754.41531983662,1076.05088189945,531.48836804522
1,All Population,5,Prevalence,53598,Davao Occidental,3,Both,23,5-14 years,630,Low back pain,3,Rate,2013,777.7888845852,1094.3277165120398,545.76975797587
1,All Population,5,Prevalence,53565,Catanduanes,3,Both,23,5-14 years,626,Musculoskeletal disorders,3,Rate,2015,1033.66789286266,1388.2815432743,750.61634236524
1,All Population,5,Prevalence,53565,Catanduanes,3,Both,23,5-14 years,630,Low back pain,3,Rate,2015,773.91630201487,1052.30241680677,539.122288198
1,All Population,5,Prevalence,16,Philippines,3,Both,23,5-14 years,626,Musculoskeletal disorders,3,Rate,2013,1034.6818435478401,1361.9760482903,761.01253507747
1,All Population,5,Prevalence,16,Philippines,3,Both,23,5-14 years,630,Low back pain,3,Rate,2013,771.5246018612401,1095.3956186229,550.87917896811
1,All Population,5,Prevalence,53562,Romblon,3,Both,23,5-14 years,626,Musculoskeletal disorders,3,Rate,2013,1066.85052301878,1399.52260551899,789.1977879652301
1,All Population,5,Prevalence,53562,Romblon,3,Both,23,5-14 years,630,Low back pain,3,Rate,2013,793.53913601152,1105.75552349478,561.07289295052
1,All Population,5,Prevalence,53609,Tawi-Tawi,3,Both,23,5-14 years,626,Musculoskeletal disorders,3,Rate,2013,1036.59767210144,1352.63240108018,757.31234190598
1,All Population,5,Prevalence,53549,Zambales,3,Both,23,5-14 years,626,Musculoskeletal disorders,3,Rate,2013,1049.06052529546,1379.463450503,774.76702650925
1,All Population,5,Prevalence,53549,Zambales,3,Both,23,5-14 years,630,Low back pain,3,Rate,2013,776.78065455914,1099.68914468729,548.86512939532
1,All Population,5,Prevalence,53609,Tawi-Tawi,3,Both,23,5-14 years,630,Low back pain,3,Rate,2013,776.55673450228,1097.55497102854,550.21736248022
1,All Population,5,Prevalence,53533,Mountain Province,3,Both,23,5-14 years,626,Musculoskeletal disorders,3,Rate,2014,1059.4990720752,1397.86990599713,772.8660444058401
1,All Population,5,Prevalence,53552,Bulacan,3,Both,23,5-14 years,630,Low back pain,3,Rate,2015,752.3798432456699,1054.39894196197,522.4916957487
1,All Population,5,Prevalence,53595,Davao Oriental,3,Both,23,5-14 years,626,Musculoskeletal disorders,3,Rate,2013,1061.99237717003,1394.36961189965,790.2471289275501
1,All Population,5,Prevalence,53595,Davao Oriental,3,Both,23,5-14 years,630,Low back pain,3,Rate,2013,798.8135065728701,1136.64571616631,562.99091943188
1,All Population,5,Prevalence,53581,Southern Leyte,3,Both,23,5-14 years,626,Musculoskeletal disorders,3,Rate,2014,1028.1594701684899,1332.45043232795,759.491097179
1,All Population,5,Prevalence,53533,Mountain Province,3,Both,23,5-14 years,630,Low back pain,3,Rate,2014,796.66247187402,1113.2791637186401,568.7832337818401
1,All Population,5,Prevalence,53581,Southern Leyte,3,Both,23,5-14 years,630,Low back pain,3,Rate,2014,779.7033106693,1090.76082099333,556.04961702222
1,All Population,5,Prevalence,53540,Ilocos Norte,3,Both,23,5-14 years,626,Musculoskeletal disorders,3,Rate,2014,1034.68254305232,1368.41995214734,759.52044735064
1,All Population,5,Prevalence,53576,Guimaras,3,Both,23,5-14 years,626,Musculoskeletal disorders,3,Rate,2013,1056.77356368045,1396.39627178824,785.14791561184
1,All Population,5,Prevalence,53572,Aklan,3,Both,23,5-14 years,626,Musculoskeletal disorders,3,Rate,2013,1036.23237222228,1352.71329559968,759.36061394277
1,All Population,5,Prevalence,53572,Aklan,3,Both,23,5-14 years,630,Low back pain,3,Rate,2013,771.7351286678801,1083.22781148478,550.18389105933
1,All Population,5,Prevalence,53540,Ilocos Norte,3,Both,23,5-14 years,630,Low back pain,3,Rate,2014,767.4419005137199,1071.77723736099,535.67116880594
1,All Population,5,Prevalence,53552,Bulacan,3,Both,23,5-14 years,630,Low back pain,3,Rate,2013,764.53763032346,1065.11115606483,531.9058239664499
1,All Population,5,Prevalence,53567,Sorsogon,3,Both,23,5-14 years,630,Low back pain,3,Rate,2015,786.5270659623201,1110.18300624536,554.41605417736
1,All Population,5,Prevalence,53576,Guimaras,3,Both,23,5-14 years,626,Musculoskeletal disorders,3,Rate,2015,1043.88242494079,1387.24305486402,774.77061465465
1,All Population,5,Prevalence,53589,Zamboanga Del Sur,3,Both,23,5-14 years,626,Musculoskeletal disorders,3,Rate,2014,1036.51397914909,1377.88367523853,766.84963921479
1,All Population,5,Prevalence,53589,Zamboanga Del Sur,3,Both,23,5-14 years,630,Low back pain,3,Rate,2014,771.95646291382,1100.67966515445,550.20229390602
1,All Population,5,Prevalence,53563,Palawan,3,Both,23,5-14 years,626,Musculoskeletal disorders,3,Rate,2013,1069.8112436569002,1410.7237763982,802.04500429642
1,All Population,5,Prevalence,53563,Palawan,3,Both,23,5-14 years,630,Low back pain,3,Rate,2013,800.13899043406,1126.97942581553,568.34862554146
1,All Population,5,Prevalence,53553,Nueva Ecija,3,Both,23,5-14 years,626,Musculoskeletal disorders,3,Rate,2014,1033.75139695122,1365.08138742037,769.59397731906
1,All Population,5,Prevalence,53553,Nueva Ecija,3,Both,23,5-14 years,630,Low back pain,3,Rate,2014,764.44012850838,1073.42212781873,535.92175012984
1,All Population,5,Prevalence,53597,Davao Del Sur,3,Both,23,5-14 years,626,Musculoskeletal disorders,3,Rate,2013,1038.2508749583799,1384.78361618507,768.5972014872999
1,All Population,5,Prevalence,53597,Davao Del Sur,3,Both,23,5-14 years,630,Low back pain,3,Rate,2013,770.92101824078,1085.1343576038,539.5904093367
1,All Population,5,Prevalence,53580,Siquijor,3,Both,23,5-14 years,626,Musculoskeletal disorders,3,Rate,2014,1070.22422434117,1399.7943942985198,798.33475631855
1,All Population,5,Prevalence,53580,Siquijor,3,Both,23,5-14 years,630,Low back pain,3,Rate,2014,793.65961684606,1108.9265387482,562.75254230598
1,All Population,5,Prevalence,53545,Isabela,3,Both,23,5-14 years,626,Musculoskeletal disorders,3,Rate,2014,1027.10566439501,1353.76673018896,763.3462415870699
1,All Population,5,Prevalence,53545,Isabela,3,Both,23,5-14 years,630,Low back pain,3,Rate,2014,763.3189102218699,1088.87324140819,531.27549689961
1,All Population,5,Prevalence,53613,Lanao Del Sur,3,Both,23,5-14 years,626,Musculoskeletal disorders,3,Rate,2014,1008.8279660714401,1358.57514694897,743.4379833724499
1,All Population,5,Prevalence,53539,La Union,3,Both,23,5-14 years,626,Musculoskeletal disorders,3,Rate,2013,1041.24707774529,1364.81018551396,780.8991441282
1,All Population,5,Prevalence,53551,Pampanga,3,Both,23,5-14 years,626,Musculoskeletal disorders,3,Rate,2013,1049.7186535257902,1392.80563204126,773.16511127886
1,All Population,5,Prevalence,53551,Pampanga,3,Both,23,5-14 years,630,Low back pain,3,Rate,2013,770.84645099259,1101.1439069972,545.5598912886
1,All Population,5,Prevalence,53612,Maguindanao,3,Both,23,5-14 years,626,Musculoskeletal disorders,3,Rate,2015,1013.5289590178801,1338.46507484429,754.81822707968
1,All Population,5,Prevalence,53612,Maguindanao,3,Both,23,5-14 years,630,Low back pain,3,Rate,2015,761.49191573332,1074.05030874703,548.70377363054
1,All Population,5,Prevalence,53583,Northern Samar,3,Both,23,5-14 years,626,Musculoskeletal disorders,3,Rate,2013,1072.4466259025799,1404.48994390691,779.94863678185
1,All Population,5,Prevalence,53583,Northern Samar,3,Both,23,5-14 years,630,Low back pain,3,Rate,2013,801.66185373589,1132.04051287364,568.79247839966
1,All Population,5,Prevalence,53576,Guimaras,3,Both,23,5-14 years,630,Low back pain,3,Rate,2015,774.72679521663,1096.72017337586,539.1529874967999
1,All Population,5,Prevalence,53594,Camiguin,3,Both,23,5-14 years,626,Musculoskeletal disorders,3,Rate,2014,1004.42335322666,1335.18069270214,731.24669896623
1,All Population,5,Prevalence,53594,Camiguin,3,Both,23,5-14 years,630,Low back pain,3,Rate,2014,767.22575419001,1069.99830463755,539.51448164369
1,All Population,5,Prevalence,53573,Antique,3,Both,23,5-14 years,626,Musculoskeletal disorders,3,Rate,2013,1065.59620857499,1408.22611291966,791.13453288758
1,All Population,5,Prevalence,53573,Antique,3,Both,23,5-14 years,630,Low back pain,3,Rate,2013,794.78855673209,1100.02762470132,556.43156830743
1,All Population,5,Prevalence,53611,Sulu,3,Both,23,5-14 years,626,Musculoskeletal disorders,3,Rate,2013,989.50175000774,1297.5630567348098,714.32907674583
1,All Population,5,Prevalence,53611,Sulu,3,Both,23,5-14 years,630,Low back pain,3,Rate,2013,766.35048090992,1069.1910622382302,544.47225992139
1,All Population,5,Prevalence,53534,Ifugao,3,Both,23,5-14 years,626,Musculoskeletal disorders,3,Rate,2014,1043.0351222118,1379.01160198716,776.94886618471
1,All Population,5,Prevalence,53534,Ifugao,3,Both,23,5-14 years,630,Low back pain,3,Rate,2014,781.07175560611,1093.88907686179,570.24624186638
1,All Population,5,Prevalence,53539,La Union,3,Both,23,5-14 years,630,Low back pain,3,Rate,2013,770.6582733998599,1069.4391925613,547.0653961564
1,All Population,5,Prevalence,53575,Iloilo,3,Both,23,5-14 years,626,Musculoskeletal disorders,3,Rate,2013,1032.5535068284398,1364.09133237902,760.84179225257
1,All Population,5,Prevalence,53564,Marinduque,3,Both,23,5-14 years,626,Musculoskeletal disorders,3,Rate,2013,1076.43763165672,1398.6734990784,811.28958503135
1,All Population,5,Prevalence,53564,Marinduque,3,Both,23,5-14 years,630,Low back pain,3,Rate,2013,794.03064981841,1106.8418772192701,572.23162358524
1,All Population,5,Prevalence,53600,South Cotabato,3,Both,23,5-14 years,626,Musculoskeletal disorders,3,Rate,2014,1032.63780566453,1375.3132988699201,784.62818281005
1,All Population,5,Prevalence,53600,South Cotabato,3,Both,23,5-14 years,630,Low back pain,3,Rate,2014,763.89151203852,1081.7997728954801,540.8346125265899
1,All Population,5,Prevalence,53533,Mountain Province,3,Both,23,5-14 years,626,Musculoskeletal disorders,3,Rate,2015,1054.03464085212,1388.8389798535502,772.64511184689
1,All Population,5,Prevalence,53546,Quirino,3,Both,23,5-14 years,626,Musculoskeletal disorders,3,Rate,2016,1043.89589201314,1374.09090435793,781.58907910439
1,All Population,5,Prevalence,53546,Quirino,3,Both,23,5-14 years,630,Low back pain,3,Rate,2016,767.18018835307,1078.48026050972,544.70486718575
1,All Population,5,Prevalence,53538,Kalinga,3,Both,23,5-14 years,626,Musculoskeletal disorders,3,Rate,2013,1060.52042143299,1397.69842369027,791.4619344338399
1,All Population,5,Prevalence,53538,Kalinga,3,Both,23,5-14 years,630,Low back pain,3,Rate,2013,795.10265549984,1132.6181033305302,565.33722157794
1,All Population,5,Prevalence,53535,Benguet,3,Both,23,5-14 years,626,Musculoskeletal disorders,3,Rate,2016,1024.10312710425,1356.46648461524,760.24850147437
1,All Population,5,Prevalence,53535,Benguet,3,Both,23,5-14 years,630,Low back pain,3,Rate,2016,764.1069368111899,1077.58924683721,536.2306752463801
1,All Population,5,Prevalence,53593,Misamis Oriental,3,Both,23,5-14 years,626,Musculoskeletal disorders,3,Rate,2016,1009.1411091602799,1320.06687912341,735.4289913689499
1,All Population,5,Prevalence,53593,Misamis Oriental,3,Both,23,5-14 years,630,Low back pain,3,Rate,2016,752.04979735863,1044.58938867283,539.87148399746
1,All Population,5,Prevalence,53533,Mountain Province,3,Both,23,5-14 years,630,Low back pain,3,Rate,2015,791.99742379111,1092.46190829014,562.8722622657
1,All Population,5,Prevalence,53578,Cebu,3,Both,23,5-14 years,626,Musculoskeletal disorders,3,Rate,2015,1015.9486484248799,1343.7102000820798,751.8761848284399
1,All Population,5,Prevalence,53578,Cebu,3,Both,23,5-14 years,630,Low back pain,3,Rate,2015,746.41675634523,1059.84432225344,526.9995171635201
1,All Population,5,Prevalence,53544,Cagayan,3,Both,23,5-14 years,626,Musculoskeletal disorders,3,Rate,2015,1009.43261902726,1337.0120844122598,756.01724220488
1,All Population,5,Prevalence,53596,Davao de Oro,3,Both,23,5-14 years,626,Musculoskeletal disorders,3,Rate,2014,1025.2982792265,1344.4113125996,746.83790042126
1,All Population,5,Prevalence,53596,Davao de Oro,3,Both,23,5-14 years,630,Low back pain,3,Rate,2014,774.1735769840001,1085.02820465906,540.51814324872
1,All Population,5,Prevalence,53613,Lanao Del Sur,3,Both,23,5-14 years,630,Low back pain,3,Rate,2013,759.77609845673,1084.63720449835,540.01905137752
1,All Population,5,Prevalence,53544,Cagayan,3,Both,23,5-14 years,626,Musculoskeletal disorders,3,Rate,2014,1017.0107611269999,1336.1580999473001,753.15304918966
1,All Population,5,Prevalence,53586,Biliran,3,Both,23,5-14 years,626,Musculoskeletal disorders,3,Rate,2013,1060.10888195768,1414.35792691818,790.28315894684
1,All Population,5,Prevalence,53586,Biliran,3,Both,23,5-14 years,630,Low back pain,3,Rate,2013,781.6917907314701,1106.70992078903,552.32211237472
1,All Population,5,Prevalence,53574,Negros Occidental,3,Both,23,5-14 years,626,Musculoskeletal disorders,3,Rate,2013,1043.49260999121,1375.79336230892,777.76877490121
1,All Population,5,Prevalence,53542,Pangasinan,3,Both,23,5-14 years,626,Musculoskeletal disorders,3,Rate,2014,1030.00532212194,1358.85256687227,762.19700308701
1,All Population,5,Prevalence,53542,Pangasinan,3,Both,23,5-14 years,630,Low back pain,3,Rate,2014,759.14490169591,1085.61752612331,526.8029237517701
1,All Population,5,Prevalence,53552,Bulacan,3,Both,23,5-14 years,626,Musculoskeletal disorders,3,Rate,2013,1041.72319281483,1366.26092778122,763.85491937404
1,All Population,5,Prevalence,53575,Iloilo,3,Both,23,5-14 years,630,Low back pain,3,Rate,2013,767.94366204839,1091.84163429919,543.6680898508699
1,All Population,5,Prevalence,53582,Eastern Samar,3,Both,23,5-14 years,630,Low back pain,3,Rate,2016,794.75121918773,1134.96831714735,565.3514595350899
1,All Population,5,Prevalence,53591,Bukidnon,3,Both,23,5-14 years,626,Musculoskeletal disorders,3,Rate,2015,1011.01463840976,1355.45288999453,747.9038237884199
1,All Population,5,Prevalence,53591,Bukidnon,3,Both,23,5-14 years,630,Low back pain,3,Rate,2015,758.8382642178,1071.82045770476,530.0841040835901
1,All Population,5,Prevalence,53605,Agusan Del Sur,3,Both,23,5-14 years,626,Musculoskeletal disorders,3,Rate,2014,1024.7450684836099,1353.35483285139,767.57023572049
1,All Population,5,Prevalence,53598,Davao Occidental,3,Both,23,5-14 years,626,Musculoskeletal disorders,3,Rate,2013,1030.08113640578,1354.69835274944,766.4120610800501
1,All Population,5,Prevalence,53540,Ilocos Norte,3,Both,23,5-14 years,630,Low back pain,3,Rate,2015,768.77400692707,1066.49054884582,536.63978580084
1,All Population,5,Prevalence,53548,Bataan,3,Both,23,5-14 years,626,Musculoskeletal disorders,3,Rate,2016,1027.08486946937,1334.06684607223,757.48482986313
1,All Population,5,Prevalence,53548,Bataan,3,Both,23,5-14 years,630,Low back pain,3,Rate,2016,759.59815459052,1064.24480158725,524.9620135808
1,All Population,5,Prevalence,53577,Negros Oriental,3,Both,23,5-14 years,626,Musculoskeletal disorders,3,Rate,2013,1047.2834063307898,1374.38081881649,778.93695946843
1,All Population,5,Prevalence,53577,Negros Oriental,3,Both,23,5-14 years,630,Low back pain,3,Rate,2013,787.1791801471301,1112.19273009008,552.26562275166
1,All Population,5,Prevalence,53535,Benguet,3,Both,23,5-14 years,626,Musculoskeletal disorders,3,Rate,2015,1023.8925074162099,1370.81932876966,749.73781147469
1,All Population,5,Prevalence,53535,Benguet,3,Both,23,5-14 years,630,Low back pain,3,Rate,2015,763.4610900786599,1079.7831489789999,532.08384070934
1,All Population,5,Prevalence,53540,Ilocos Norte,3,Both,23,5-14 years,626,Musculoskeletal disorders,3,Rate,2013,1033.75872124446,1362.33268520413,759.13343378739
1,All Population,5,Prevalence,53574,Negros Occidental,3,Both,23,5-14 years,630,Low back pain,3,Rate,2013,773.19052455998,1083.1453704306,551.08622909882
1,All Population,5,Prevalence,53536,Abra,3,Both,23,5-14 years,630,Low back pain,3,Rate,2014,776.98269413809,1084.028256308,549.6643415793401
1,All Population,5,Prevalence,53585,Leyte,3,Both,23,5-14 years,626,Musculoskeletal disorders,3,Rate,2013,1046.4831906054799,1373.4680274698,770.8155063949799
1,All Population,5,Prevalence,53585,Leyte,3,Both,23,5-14 years,630,Low back pain,3,Rate,2013,779.4972218217699,1090.6828714411,545.92900064654
1,All Population,5,Prevalence,53541,Ilocos Sur,3,Both,23,5-14 years,626,Musculoskeletal disorders,3,Rate,2013,1032.83679792219,1361.8063307126702,777.11908182173
1,All Population,5,Prevalence,53541,Ilocos Sur,3,Both,23,5-14 years,630,Low back pain,3,Rate,2013,764.4360244892,1052.36877385395,551.10667000532
1,All Population,5,Prevalence,53595,Davao Oriental,3,Both,23,5-14 years,626,Musculoskeletal disorders,3,Rate,2016,1038.90220329156,1377.17087960152,756.53077949155
1,All Population,5,Prevalence,53595,Davao Oriental,3,Both,23,5-14 years,630,Low back pain,3,Rate,2016,781.63939797662,1102.3773200482499,551.83738813354
1,All Population,5,Prevalence,53540,Ilocos Norte,3,Both,23,5-14 years,630,Low back pain,3,Rate,2013,768.0535603984999,1078.0174962434,543.24447312832
1,All Population,5,Prevalence,53555,Rizal,3,Both,23,5-14 years,626,Musculoskeletal disorders,3,Rate,2014,1037.2490475285601,1375.12416078627,770.06934491529
1,All Population,5,Prevalence,53555,Rizal,3,Both,23,5-14 years,630,Low back pain,3,Rate,2014,761.36832897141,1079.4412009686998,531.77969069631
1,All Population,5,Prevalence,53546,Quirino,3,Both,23,5-14 years,626,Musculoskeletal disorders,3,Rate,2015,1042.6571979993,1383.47162089768,776.1263601826299
1,All Population,5,Prevalence,53546,Quirino,3,Both,23,5-14 years,630,Low back pain,3,Rate,2015,766.0453053110899,1071.12825204509,542.04721493026
1,All Population,5,Prevalence,53568,Albay,3,Both,23,5-14 years,626,Musculoskeletal disorders,3,Rate,2014,1033.71181375866,1355.73602261679,779.80754585828
1,All Population,5,Prevalence,53559,Quezon,3,Both,23,5-14 years,626,Musculoskeletal disorders,3,Rate,2015,1047.46594567501,1400.13615488164,779.77675622171
1,All Population,5,Prevalence,53580,Siquijor,3,Both,23,5-14 years,626,Musculoskeletal disorders,3,Rate,2015,1065.48628484482,1392.99116932031,789.83981626016
1,All Population,5,Prevalence,53580,Siquijor,3,Both,23,5-14 years,630,Low back pain,3,Rate,2015,789.30154295934,1102.8506720452501,557.1394708770699
1,All Population,5,Prevalence,53568,Albay,3,Both,23,5-14 years,630,Low back pain,3,Rate,2014,768.04084423284,1092.451517009,551.4449187309899
1,All Population,5,Prevalence,53559,Quezon,3,Both,23,5-14 years,626,Musculoskeletal disorders,3,Rate,2016,1043.1529832126,1395.5687461759699,780.38804238321
1,All Population,5,Prevalence,53597,Davao Del Sur,3,Both,23,5-14 years,626,Musculoskeletal disorders,3,Rate,2016,1028.35498900315,1369.83602311559,759.44032122256
1,All Population,5,Prevalence,53597,Davao Del Sur,3,Both,23,5-14 years,630,Low back pain,3,Rate,2016,760.73505472875,1084.89158422736,532.6814743265201
1,All Population,5,Prevalence,53602,Cotabato (North Cotabato),3,Both,23,5-14 years,626,Musculoskeletal disorders,3,Rate,2014,1007.03664259924,1330.50370074989,739.21040552742
1,All Population,5,Prevalence,53606,Surigao Del Sur,3,Both,23,5-14 years,626,Musculoskeletal disorders,3,Rate,2016,1033.02633163937,1373.07232840479,763.8733462146
1,All Population,5,Prevalence,53606,Surigao Del Sur,3,Both,23,5-14 years,630,Low back pain,3,Rate,2016,773.54176707763,1098.47687700894,545.73440589578
1,All Population,5,Prevalence,53591,Bukidnon,3,Both,23,5-14 years,626,Musculoskeletal disorders,3,Rate,2014,1013.9938583248401,1361.66228942923,747.40810156866
1,All Population,5,Prevalence,53591,Bukidnon,3,Both,23,5-14 years,630,Low back pain,3,Rate,2014,763.96074024257,1081.2652385166,534.80310067789
1,All Population,5,Prevalence,53548,Bataan,3,Both,23,5-14 years,626,Musculoskeletal disorders,3,Rate,2015,1032.3235777032799,1331.5897444729,759.32527819792
1,All Population,5,Prevalence,53548,Bataan,3,Both,23,5-14 years,630,Low back pain,3,Rate,2015,763.64935552808,1067.82871851362,526.73281105304
1,All Population,5,Prevalence,53547,Batanes,3,Both,23,5-14 years,626,Musculoskeletal disorders,3,Rate,2014,1067.1255609159,1398.67043877879,778.23735071522
1,All Population,5,Prevalence,53547,Batanes,3,Both,23,5-14 years,630,Low back pain,3,Rate,2014,793.28691230339,1114.7525836927,565.66365318539
1,All Population,5,Prevalence,53602,Cotabato (North Cotabato),3,Both,23,5-14 years,630,Low back pain,3,Rate,2014,769.7653322587701,1076.67797324613,546.66539689264
1,All Population,5,Prevalence,53550,Tarlac,3,Both,23,5-14 years,626,Musculoskeletal disorders,3,Rate,2016,1019.52801058521,1354.38515278619,750.49840703946
1,All Population,5,Prevalence,53550,Tarlac,3,Both,23,5-14 years,630,Low back pain,3,Rate,2016,749.5859849634301,1069.24926419737,525.35204754233
1,All Population,5,Prevalence,53567,Sorsogon,3,Both,23,5-14 years,626,Musculoskeletal disorders,3,Rate,2014,1066.60271391327,1411.76957881883,784.8292858297899
1,All Population,5,Prevalence,53554,Aurora,3,Both,23,5-14 years,626,Musculoskeletal disorders,3,Rate,2013,1063.30670745765,1404.82680667301,784.5994129918
1,All Population,5,Prevalence,53546,Quirino,3,Both,23,5-14 years,626,Musculoskeletal disorders,3,Rate,2014,1045.8991559513802,1389.82366802864,781.69101361117
1,All Population,5,Prevalence,53546,Quirino,3,Both,23,5-14 years,630,Low back pain,3,Rate,2014,768.72691742065,1075.79003325506,545.1530550674399
1,All Population,5,Prevalence,16,Philippines,3,Both,23,5-14 years,626,Musculoskeletal disorders,3,Rate,2015,1024.50830985991,1348.1565565206201,754.90407289474
1,All Population,5,Prevalence,16,Philippines,3,Both,23,5-14 years,630,Low back pain,3,Rate,2015,761.91165547065,1081.275702775,542.02621242079
1,All Population,5,Prevalence,53554,Aurora,3,Both,23,5-14 years,630,Low back pain,3,Rate,2013,790.6404604700301,1088.53343340266,552.1448519041401
1,All Population,5,Prevalence,53566,Camarines Norte,3,Both,23,5-14 years,626,Musculoskeletal disorders,3,Rate,2013,1049.0622958684999,1384.45163248222,775.9082267326299
1,All Population,5,Prevalence,53566,Camarines Norte,3,Both,23,5-14 years,630,Low back pain,3,Rate,2013,782.1515465027899,1104.20513568191,546.85286283807
1,All Population,5,Prevalence,53545,Isabela,3,Both,23,5-14 years,626,Musculoskeletal disorders,3,Rate,2015,1021.1041939686401,1360.62908740462,765.54820209423
1,All Population,5,Prevalence,53545,Isabela,3,Both,23,5-14 years,630,Low back pain,3,Rate,2015,758.29389128752,1076.9648359223402,530.0471676759
1,All Population,5,Prevalence,53560,Occidental Mindoro,3,Both,23,5-14 years,626,Musculoskeletal disorders,3,Rate,2014,1040.79199030914,1354.50405939494,769.2900231871699
1,All Population,5,Prevalence,53560,Occidental Mindoro,3,Both,23,5-14 years,630,Low back pain,3,Rate,2014,775.33122489879,1074.57445349924,552.08159398443
1,All Population,5,Prevalence,53588,Zamboanga Del Norte,3,Both,23,5-14 years,626,Musculoskeletal disorders,3,Rate,2013,1040.54087386799,1360.72061524313,772.42539693573
1,All Population,5,Prevalence,53599,Davao Del Norte,3,Both,23,5-14 years,626,Musculoskeletal disorders,3,Rate,2013,1020.3165270729901,1323.58474618383,747.45645793563
1,All Population,5,Prevalence,53599,Davao Del Norte,3,Both,23,5-14 years,630,Low back pain,3,Rate,2013,762.0779340586801,1071.91446457225,537.07180687398
1,All Population,5,Prevalence,53544,Cagayan,3,Both,23,5-14 years,630,Low back pain,3,Rate,2014,769.20157780292,1103.64916106214,542.21506051575
1,All Population,5,Prevalence,53593,Misamis Oriental,3,Both,23,5-14 years,626,Musculoskeletal disorders,3,Rate,2015,1013.1562679589799,1327.61263389985,735.1166510716901
1,All Population,5,Prevalence,53593,Misamis Oriental,3,Both,23,5-14 years,630,Low back pain,3,Rate,2015,755.2470496171101,1049.7421973877101,536.80936261766
1,All Population,5,Prevalence,53543,Nueva Vizcaya,3,Both,23,5-14 years,626,Musculoskeletal disorders,3,Rate,2013,1034.72629772655,1367.34978068495,753.44234012532
1,All Population,5,Prevalence,53543,Nueva Vizcaya,3,Both,23,5-14 years,630,Low back pain,3,Rate,2013,770.10229848011,1081.29954076531,540.98519309231
1,All Population,5,Prevalence,53608,Dinagat Islands,3,Both,23,5-14 years,626,Musculoskeletal disorders,3,Rate,2016,1037.90907596729,1368.52300640383,771.08720729408
1,All Population,5,Prevalence,53608,Dinagat Islands,3,Both,23,5-14 years,630,Low back pain,3,Rate,2016,768.1824768986601,1081.24037380301,545.09279615658
1,All Population,5,Prevalence,53614,National Capital Region,3,Both,23,5-14 years,626,Musculoskeletal disorders,3,Rate,2014,997.8663817390701,1315.91458430554,721.51299163767
1,All Population,5,Prevalence,53614,National Capital Region,3,Both,23,5-14 years,630,Low back pain,3,Rate,2014,756.02227528775,1062.00199924889,530.0098777409801
1,All Population,5,Prevalence,53556,Cavite,3,Both,23,5-14 years,626,Musculoskeletal disorders,3,Rate,2014,1027.33954887037,1359.9094579965301,758.91927446703
1,All Population,5,Prevalence,53556,Cavite,3,Both,23,5-14 years,630,Low back pain,3,Rate,2014,753.49882361058,1071.19918754266,532.59270306022
1,All Population,5,Prevalence,53587,Zamboanga Sibugay,3,Both,23,5-14 years,626,Musculoskeletal disorders,3,Rate,2015,1027.51873472236,1343.98537442505,755.6319136284001
1,All Population,5,Prevalence,53587,Zamboanga Sibugay,3,Both,23,5-14 years,630,Low back pain,3,Rate,2015,766.36954915324,1068.11566892713,539.96278483444
1,All Population,5,Prevalence,53588,Zamboanga Del Norte,3,Both,23,5-14 years,630,Low back pain,3,Rate,2013,776.40431800048,1077.74921324201,549.7557819379999
1,All Population,5,Prevalence,53557,Laguna,3,Both,23,5-14 years,626,Musculoskeletal disorders,3,Rate,2014,1023.5754575263601,1362.2744854638402,763.45153244184
1,All Population,5,Prevalence,53557,Laguna,3,Both,23,5-14 years,630,Low back pain,3,Rate,2014,752.38345479758,1043.3410221197898,529.82269497859
1,All Population,5,Prevalence,53604,Agusan Del Norte,3,Both,23,5-14 years,626,Musculoskeletal disorders,3,Rate,2014,1030.76990755009,1355.93906835451,772.3715108589
1,All Population,5,Prevalence,53604,Agusan Del Norte,3,Both,23,5-14 years,630,Low back pain,3,Rate,2014,770.76319155188,1080.72845515325,547.6254116246
1,All Population,5,Prevalence,53561,Oriental Mindoro,3,Both,23,5-14 years,626,Musculoskeletal disorders,3,Rate,2015,1035.31895497555,1376.98907418923,764.36781865788
1,All Population,5,Prevalence,53561,Oriental Mindoro,3,Both,23,5-14 years,630,Low back pain,3,Rate,2015,767.42343940262,1085.46712492735,532.21369049997
1,All Population,5,Prevalence,53552,Bulacan,3,Both,23,5-14 years,630,Low back pain,3,Rate,2017,745.51054903494,1041.07048438721,523.19025438116
1,All Population,5,Prevalence,53592,Lanao Del Norte,3,Both,23,5-14 years,626,Musculoskeletal disorders,3,Rate,2015,1015.86452355725,1346.40457961943,747.08930492797
1,All Population,5,Prevalence,53592,Lanao Del Norte,3,Both,23,5-14 years,630,Low back pain,3,Rate,2015,761.6439145048801,1080.36036593209,542.00700398435
1,All Population,5,Prevalence,53561,Oriental Mindoro,3,Both,23,5-14 years,626,Musculoskeletal disorders,3,Rate,2016,1028.76415659655,1362.77419495082,762.1072686859
1,All Population,5,Prevalence,53561,Oriental Mindoro,3,Both,23,5-14 years,630,Low back pain,3,Rate,2016,762.17515726853,1083.13022222608,531.1299932057001
1,All Population,5,Prevalence,53595,Davao Oriental,3,Both,23,5-14 years,626,Musculoskeletal disorders,3,Rate,2015,1042.1946562456,1385.38376304018,757.77260442841
1,All Population,5,Prevalence,53595,Davao Oriental,3,Both,23,5-14 years,630,Low back pain,3,Rate,2015,784.3102459599099,1112.70754310036,551.54326581821
1,All Population,5,Prevalence,53550,Tarlac,3,Both,23,5-14 years,626,Musculoskeletal disorders,3,Rate,2015,1023.2208524047401,1359.91315475851,748.28159520991
1,All Population,5,Prevalence,53550,Tarlac,3,Both,23,5-14 years,630,Low back pain,3,Rate,2015,752.49139434387,1080.94732441214,527.78283619492
1,All Population,5,Prevalence,53603,Sarangani,3,Both,23,5-14 years,626,Musculoskeletal disorders,3,Rate,2014,1042.06848256785,1371.07758148729,770.07828453685
1,All Population,5,Prevalence,53603,Sarangani,3,Both,23,5-14 years,630,Low back pain,3,Rate,2014,781.8622389240601,1111.40921654955,554.73790062514
1,All Population,5,Prevalence,53610,Basilan,3,Both,23,5-14 years,626,Musculoskeletal disorders,3,Rate,2016,960.62442140256,1265.9183564312,685.11442618911
1,All Population,5,Prevalence,53542,Pangasinan,3,Both,23,5-14 years,626,Musculoskeletal disorders,3,Rate,2015,1026.95115036948,1344.2795460873199,757.76690926146
1,All Population,5,Prevalence,53542,Pangasinan,3,Both,23,5-14 years,630,Low back pain,3,Rate,2015,756.33549085786,1079.0787310608,524.32179912714
1,All Population,5,Prevalence,53534,Ifugao,3,Both,23,5-14 years,626,Musculoskeletal disorders,3,Rate,2015,1043.43340264641,1378.25959115645,771.74159610808
1,All Population,5,Prevalence,53534,Ifugao,3,Both,23,5-14 years,630,Low back pain,3,Rate,2015,780.96156740302,1092.3730574629699,568.16659372628
1,All Population,5,Prevalence,53579,Bohol,3,Both,23,5-14 years,626,Musculoskeletal disorders,3,Rate,2013,1050.7631072807499,1392.82413863123,777.23068526617
1,All Population,5,Prevalence,53579,Bohol,3,Both,23,5-14 years,630,Low back pain,3,Rate,2013,782.55569999209,1121.0162265567,547.69748704389
1,All Population,5,Prevalence,53610,Basilan,3,Both,23,5-14 years,626,Musculoskeletal disorders,3,Rate,2017,960.2102002740099,1262.49926645093,686.03401783426
1,All Population,5,Prevalence,53553,Nueva Ecija,3,Both,23,5-14 years,626,Musculoskeletal disorders,3,Rate,2015,1031.78611659283,1368.1041830035,767.12667060984
1,All Population,5,Prevalence,53553,Nueva Ecija,3,Both,23,5-14 years,630,Low back pain,3,Rate,2015,762.27783981024,1053.6192361579501,533.97696609307
1,All Population,5,Prevalence,53576,Guimaras,3,Both,23,5-14 years,626,Musculoskeletal disorders,3,Rate,2016,1040.34512154916,1377.23556268059,771.6015481496399
1,All Population,5,Prevalence,53610,Basilan,3,Both,23,5-14 years,630,Low back pain,3,Rate,2017,742.23052052884,1029.54187655229,522.28096324619
1,All Population,5,Prevalence,53582,Eastern Samar,3,Both,23,5-14 years,630,Low back pain,3,Rate,2015,796.5192238278099,1131.73077020278,561.9229938193
1,All Population,5,Prevalence,53563,Palawan,3,Both,23,5-14 years,626,Musculoskeletal disorders,3,Rate,2015,1056.10846051216,1402.17122037078,801.6578733062901
1,All Population,5,Prevalence,53563,Palawan,3,Both,23,5-14 years,630,Low back pain,3,Rate,2015,786.9347295253201,1110.8831888781701,551.7591590727201
1,All Population,5,Prevalence,53552,Bulacan,3,Both,23,5-14 years,630,Low back pain,3,Rate,2016,747.60286417247,1045.3831923805799,520.8467513773701
1,All Population,5,Prevalence,53593,Misamis Oriental,3,Both,23,5-14 years,626,Musculoskeletal disorders,3,Rate,2014,1018.4714902644399,1327.9047260748998,741.11785786839
1,All Population,5,Prevalence,53593,Misamis Oriental,3,Both,23,5-14 years,630,Low back pain,3,Rate,2014,759.4765254024,1046.2392650337601,544.50032506932
1,All Population,5,Prevalence,53590,Misamis Occidental,3,Both,23,5-14 years,626,Musculoskeletal disorders,3,Rate,2013,1049.08102280179,1377.02699715162,777.80433296261
1,All Population,5,Prevalence,53549,Zambales,3,Both,23,5-14 years,626,Musculoskeletal disorders,3,Rate,2014,1041.80778241407,1373.65360804558,771.69023017521
1,All Population,5,Prevalence,53549,Zambales,3,Both,23,5-14 years,630,Low back pain,3,Rate,2014,770.72653876572,1107.25330052467,542.6804299271399
1,All Population,5,Prevalence,53563,Palawan,3,Both,23,5-14 years,626,Musculoskeletal disorders,3,Rate,2017,1045.00907119119,1386.69107055218,789.3298327297999
1,All Population,5,Prevalence,53563,Palawan,3,Both,23,5-14 years,630,Low back pain,3,Rate,2017,777.4306232714,1103.9090621467699,552.19355934314
1,All Population,5,Prevalence,53606,Surigao Del Sur,3,Both,23,5-14 years,626,Musculoskeletal disorders,3,Rate,2015,1038.90188321186,1385.84189770839,768.96899563252
1,All Population,5,Prevalence,53606,Surigao Del Sur,3,Both,23,5-14 years,630,Low back pain,3,Rate,2015,778.99516323077,1114.63586259369,546.7129184118501
1,All Population,5,Prevalence,53576,Guimaras,3,Both,23,5-14 years,630,Low back pain,3,Rate,2016,771.95289329703,1096.27034752794,541.70411919961
1,All Population,5,Prevalence,53607,Surigao Del Norte,3,Both,23,5-14 years,626,Musculoskeletal disorders,3,Rate,2014,1049.39998316138,1398.95784730303,788.44003776416
1,All Population,5,Prevalence,53607,Surigao Del Norte,3,Both,23,5-14 years,630,Low back pain,3,Rate,2014,780.91196935227,1082.57137470723,555.62725722344
1,All Population,5,Prevalence,53587,Zamboanga Sibugay,3,Both,23,5-14 years,626,Musculoskeletal disorders,3,Rate,2013,1041.40548122207,1363.0580683799199,773.92138549234
1,All Population,5,Prevalence,53587,Zamboanga Sibugay,3,Both,23,5-14 years,630,Low back pain,3,Rate,2013,778.93599701422,1095.75708393461,552.18662672333
1,All Population,5,Prevalence,53560,Occidental Mindoro,3,Both,23,5-14 years,626,Musculoskeletal disorders,3,Rate,2015,1039.33761527628,1362.2526800056,772.48875756586
1,All Population,5,Prevalence,53560,Occidental Mindoro,3,Both,23,5-14 years,630,Low back pain,3,Rate,2015,772.95763049064,1077.23426667986,547.84011626935
1,All Population,5,Prevalence,53614,National Capital Region,3,Both,23,5-14 years,626,Musculoskeletal disorders,3,Rate,2013,1004.9100258395499,1341.07289730901,724.05299360091
1,All Population,5,Prevalence,53614,National Capital Region,3,Both,23,5-14 years,630,Low back pain,3,Rate,2013,762.41635309478,1064.45007712819,531.6601417235801
1,All Population,5,Prevalence,53569,Masbate,3,Both,23,5-14 years,626,Musculoskeletal disorders,3,Rate,2014,1046.91639230907,1377.60399760058,767.97079858914
1,All Population,5,Prevalence,53569,Masbate,3,Both,23,5-14 years,630,Low back pain,3,Rate,2014,783.19821888847,1117.40572612812,547.08521010529
1,All Population,5,Prevalence,53562,Romblon,3,Both,23,5-14 years,626,Musculoskeletal disorders,3,Rate,2014,1056.49392111814,1393.80281083263,782.53911363117
1,All Population,5,Prevalence,53562,Romblon,3,Both,23,5-14 years,630,Low back pain,3,Rate,2014,786.1014332685601,1081.15462800175,550.1831941754799
1,All Population,5,Prevalence,53613,Lanao Del Sur,3,Both,23,5-14 years,626,Musculoskeletal disorders,3,Rate,2015,1011.38823477605,1362.00057338278,743.41127602235
1,All Population,5,Prevalence,53537,Apayao,3,Both,23,5-14 years,626,Musculoskeletal disorders,3,Rate,2013,1060.59368370101,1392.9306384496101,781.9045050845101
1,All Population,5,Prevalence,53537,Apayao,3,Both,23,5-14 years,630,Low back pain,3,Rate,2013,795.6820468824601,1121.20567981241,563.54635412905
1,All Population,5,Prevalence,53547,Batanes,3,Both,23,5-14 years,626,Musculoskeletal disorders,3,Rate,2015,1065.7746815707599,1396.70284331897,778.01964872437
1,All Population,5,Prevalence,53567,Sorsogon,3,Both,23,5-14 years,626,Musculoskeletal disorders,3,Rate,2013,1069.4254730954501,1413.92611708443,789.30913689592
1,All Population,5,Prevalence,53576,Guimaras,3,Both,23,5-14 years,626,Musculoskeletal disorders,3,Rate,2017,1039.53695297965,1385.32384106497,776.46953773734
1,All Population,5,Prevalence,53556,Cavite,3,Both,23,5-14 years,626,Musculoskeletal disorders,3,Rate,2013,1031.4986597023901,1359.9602293409598,765.1237818467699
1,All Population,5,Prevalence,53556,Cavite,3,Both,23,5-14 years,630,Low back pain,3,Rate,2013,757.30168221733,1080.16149572267,540.95735691311
1,All Population,5,Prevalence,53605,Agusan Del Sur,3,Both,23,5-14 years,626,Musculoskeletal disorders,3,Rate,2015,1022.2501238556199,1354.90469016142,762.37137792446
1,All Population,5,Prevalence,53581,Southern Leyte,3,Both,23,5-14 years,626,Musculoskeletal disorders,3,Rate,2015,1021.0140556384899,1322.9166926231,755.0247784183899
1,All Population,5,Prevalence,53576,Guimaras,3,Both,23,5-14 years,630,Low back pain,3,Rate,2017,771.15507908685,1091.1385217822399,549.76522143396
1,All Population,5,Prevalence,53547,Batanes,3,Both,23,5-14 years,630,Low back pain,3,Rate,2015,791.66910212113,1116.05210692415,572.59078629416
1,All Population,5,Prevalence,53563,Palawan,3,Both,23,5-14 years,626,Musculoskeletal disorders,3,Rate,2016,1048.87260059092,1397.68026705067,794.3494941536201
1,All Population,5,Prevalence,53563,Palawan,3,Both,23,5-14 years,630,Low back pain,3,Rate,2016,780.87132533266,1102.62253431754,553.32874287502
1,All Population,5,Prevalence,53581,Southern Leyte,3,Both,23,5-14 years,630,Low back pain,3,Rate,2015,775.6646675908,1081.87507263509,549.70363141445
1,All Population,5,Prevalence,53533,Mountain Province,3,Both,23,5-14 years,626,Musculoskeletal disorders,3,Rate,2016,1049.4054081474399,1380.1999721199,768.0523776402699
1,All Population,5,Prevalence,53610,Basilan,3,Both,23,5-14 years,630,Low back pain,3,Rate,2016,744.57195225664,1036.55994492498,519.15984142927
1,All Population,5,Prevalence,53562,Romblon,3,Both,23,5-14 years,626,Musculoskeletal disorders,3,Rate,2016,1046.18304851308,1373.7014158202899,768.41743024078
1,All Population,5,Prevalence,53562,Romblon,3,Both,23,5-14 years,630,Low back pain,3,Rate,2016,778.69635726744,1076.63948831066,539.75165098424
1,All Population,5,Prevalence,53589,Zamboanga Del Sur,3,Both,23,5-14 years,626,Musculoskeletal disorders,3,Rate,2015,1030.9061504604601,1375.6039392791902,754.26894213244
1,All Population,5,Prevalence,53589,Zamboanga Del Sur,3,Both,23,5-14 years,630,Low back pain,3,Rate,2015,767.32609355136,1090.1954032532199,538.01959958044
1,All Population,5,Prevalence,53597,Davao Del Sur,3,Both,23,5-14 years,626,Musculoskeletal disorders,3,Rate,2015,1030.26552232672,1388.88842513078,760.2208878618401
1,All Population,5,Prevalence,53597,Davao Del Sur,3,Both,23,5-14 years,630,Low back pain,3,Rate,2015,762.91169442735,1087.05094084321,530.57865163573
1,All Population,5,Prevalence,53578,Cebu,3,Both,23,5-14 years,626,Musculoskeletal disorders,3,Rate,2016,1012.72276036169,1328.86415364964,754.27785640598
1,All Population,5,Prevalence,53578,Cebu,3,Both,23,5-14 years,630,Low back pain,3,Rate,2016,743.77166837943,1055.88701917015,526.85352837565
1,All Population,5,Prevalence,53612,Maguindanao,3,Both,23,5-14 years,626,Musculoskeletal disorders,3,Rate,2017,999.675249408,1311.18565887097,745.66433818408
1,All Population,5,Prevalence,53612,Maguindanao,3,Both,23,5-14 years,630,Low back pain,3,Rate,2017,750.5159788636,1069.13052099638,538.96464425384
1,All Population,5,Prevalence,53600,South Cotabato,3,Both,23,5-14 years,626,Musculoskeletal disorders,3,Rate,2015,1027.2130620093,1378.1942852715,777.71316167447
1,All Population,5,Prevalence,53600,South Cotabato,3,Both,23,5-14 years,630,Low back pain,3,Rate,2015,759.45640847527,1078.48768448749,543.42180078447
1,All Population,5,Prevalence,53533,Mountain Province,3,Both,23,5-14 years,630,Low back pain,3,Rate,2016,789.95071150644,1103.61164789035,563.50458812586
1,All Population,5,Prevalence,53594,Camiguin,3,Both,23,5-14 years,626,Musculoskeletal disorders,3,Rate,2015,996.67044562354,1326.98767763438,725.1088901345801
1,All Population,5,Prevalence,53594,Camiguin,3,Both,23,5-14 years,630,Low back pain,3,Rate,2015,760.58944340503,1062.17091925612,533.34986169279
1,All Population,5,Prevalence,53544,Cagayan,3,Both,23,5-14 years,630,Low back pain,3,Rate,2015,763.34901892154,1093.79196574515,538.60347821109
1,All Population,5,Prevalence,53578,Cebu,3,Both,23,5-14 years,626,Musculoskeletal disorders,3,Rate,2017,1010.99132321209,1326.12350064961,747.1118206359399
1,All Population,5,Prevalence,53578,Cebu,3,Both,23,5-14 years,630,Low back pain,3,Rate,2017,742.21171348309,1050.93544785342,526.60423436734
1,All Population,5,Prevalence,53551,Pampanga,3,Both,23,5-14 years,626,Musculoskeletal disorders,3,Rate,2016,1037.4864512947402,1382.5678643185802,763.07576865083
1,All Population,5,Prevalence,53551,Pampanga,3,Both,23,5-14 years,630,Low back pain,3,Rate,2016,760.1200216197,1078.70125056254,541.51600646266
1,All Population,5,Prevalence,53605,Agusan Del Sur,3,Both,23,5-14 years,630,Low back pain,3,Rate,2014,771.22661560225,1073.8490361233,552.1158828912501
1,All Population,5,Prevalence,53608,Dinagat Islands,3,Both,23,5-14 years,626,Musculoskeletal disorders,3,Rate,2015,1038.33421063875,1381.44188193359,771.3847673231201
1,All Population,5,Prevalence,53608,Dinagat Islands,3,Both,23,5-14 years,630,Low back pain,3,Rate,2015,768.9871468715301,1085.44979000168,541.82535122106
1,All Population,5,Prevalence,53568,Albay,3,Both,23,5-14 years,626,Musculoskeletal disorders,3,Rate,2015,1032.58537394063,1371.96665534682,778.4024456446
1,All Population,5,Prevalence,53536,Abra,3,Both,23,5-14 years,630,Low back pain,3,Rate,2015,778.0229439974299,1089.6037487124702,545.96434942368
1,All Population,5,Prevalence,53568,Albay,3,Both,23,5-14 years,630,Low back pain,3,Rate,2015,765.88202938719,1084.9636161997998,549.99114936969
1,All Population,5,Prevalence,53555,Rizal,3,Both,23,5-14 years,626,Musculoskeletal disorders,3,Rate,2015,1031.0681126274999,1363.27784992146,774.47082928294
1,All Population,5,Prevalence,53555,Rizal,3,Both,23,5-14 years,630,Low back pain,3,Rate,2015,756.0961995751101,1065.09453924336,517.70833407969
1,All Population,5,Prevalence,53609,Tawi-Tawi,3,Both,23,5-14 years,626,Musculoskeletal disorders,3,Rate,2014,1035.61396738709,1348.44161243434,754.67272476999
1,All Population,5,Prevalence,53609,Tawi-Tawi,3,Both,23,5-14 years,630,Low back pain,3,Rate,2014,773.17361094114,1093.25044393365,552.62608422557
1,All Population,5,Prevalence,53558,Batangas,3,Both,23,5-14 years,626,Musculoskeletal disorders,3,Rate,2014,1022.65249951165,1351.35137112852,748.23777176433
1,All Population,5,Prevalence,53558,Batangas,3,Both,23,5-14 years,630,Low back pain,3,Rate,2014,751.17100735906,1068.06641371431,529.05618758616
1,All Population,5,Prevalence,53575,Iloilo,3,Both,23,5-14 years,626,Musculoskeletal disorders,3,Rate,2016,1019.10810119203,1357.46923734833,753.9312863059599
1,All Population,5,Prevalence,53607,Surigao Del Norte,3,Both,23,5-14 years,626,Musculoskeletal disorders,3,Rate,2015,1041.87779071745,1389.94413237941,778.21856187574
1,All Population,5,Prevalence,53607,Surigao Del Norte,3,Both,23,5-14 years,630,Low back pain,3,Rate,2015,774.79544919055,1073.28970658144,545.93670696013
1,All Population,5,Prevalence,53609,Tawi-Tawi,3,Both,23,5-14 years,626,Musculoskeletal disorders,3,Rate,2016,1028.26787826477,1360.03337922033,752.33757449956
1,All Population,5,Prevalence,53570,Camarines Sur,3,Both,23,5-14 years,626,Musculoskeletal disorders,3,Rate,2016,1034.9815241816,1367.63235432814,758.24573358926
1,All Population,5,Prevalence,53570,Camarines Sur,3,Both,23,5-14 years,630,Low back pain,3,Rate,2016,764.6449939015,1081.21602544203,528.9001719875899
1,All Population,5,Prevalence,53598,Davao Occidental,3,Both,23,5-14 years,630,Low back pain,3,Rate,2016,765.6919478823,1095.5127525016799,532.89994351238
1,All Population,5,Prevalence,53609,Tawi-Tawi,3,Both,23,5-14 years,630,Low back pain,3,Rate,2016,765.8089077872701,1085.67380921421,539.4367572852
1,All Population,5,Prevalence,53612,Maguindanao,3,Both,23,5-14 years,626,Musculoskeletal disorders,3,Rate,2016,1006.6201071740401,1316.6695353608,755.9772125961999
1,All Population,5,Prevalence,53612,Maguindanao,3,Both,23,5-14 years,630,Low back pain,3,Rate,2016,755.9973424487,1080.99109384143,543.06877799183
1,All Population,5,Prevalence,53544,Cagayan,3,Both,23,5-14 years,626,Musculoskeletal disorders,3,Rate,2017,1009.01156449774,1322.51026525356,740.6857241174899
1,All Population,5,Prevalence,53565,Catanduanes,3,Both,23,5-14 years,626,Musculoskeletal disorders,3,Rate,2017,1022.7456636060599,1367.0725059696,740.47442894456
1,All Population,5,Prevalence,53565,Catanduanes,3,Both,23,5-14 years,630,Low back pain,3,Rate,2017,768.9390728214499,1068.83172557313,538.81643521853
1,All Population,5,Prevalence,53545,Isabela,3,Both,23,5-14 years,626,Musculoskeletal disorders,3,Rate,2013,1035.6383926775302,1354.07061326546,765.51613221131
1,All Population,5,Prevalence,53545,Isabela,3,Both,23,5-14 years,630,Low back pain,3,Rate,2013,770.99086725683,1089.05665706194,535.42317503351
1,All Population,5,Prevalence,53590,Misamis Occidental,3,Both,23,5-14 years,630,Low back pain,3,Rate,2013,777.82997602673,1104.45132786972,552.6156150092299
1,All Population,5,Prevalence,53601,Sultan Kudarat,3,Both,23,5-14 years,626,Musculoskeletal disorders,3,Rate,2013,1054.29616288493,1387.43495750618,788.8691041237599
1,All Population,5,Prevalence,53601,Sultan Kudarat,3,Both,23,5-14 years,630,Low back pain,3,Rate,2013,787.3079589877501,1118.04456656567,562.89177856433
1,All Population,5,Prevalence,53537,Apayao,3,Both,23,5-14 years,626,Musculoskeletal disorders,3,Rate,2014,1054.72346934849,1382.89307179731,780.2586793956
1,All Population,5,Prevalence,53537,Apayao,3,Both,23,5-14 years,630,Low back pain,3,Rate,2014,788.7204847792101,1115.92774137231,557.37919579225
1,All Population,5,Prevalence,53564,Marinduque,3,Both,23,5-14 years,626,Musculoskeletal disorders,3,Rate,2016,1053.88981616579,1374.3215020381,799.98078455922
1,All Population,5,Prevalence,53564,Marinduque,3,Both,23,5-14 years,630,Low back pain,3,Rate,2016,777.35974568955,1092.73143335256,561.87360057327
1,All Population,5,Prevalence,53582,Eastern Samar,3,Both,23,5-14 years,626,Musculoskeletal disorders,3,Rate,2014,1070.69250760007,1415.81286653852,802.9284766737101
1,All Population,5,Prevalence,53537,Apayao,3,Both,23,5-14 years,626,Musculoskeletal disorders,3,Rate,2015,1049.73227520038,1390.6338761038899,779.2709364564901
1,All Population,5,Prevalence,53537,Apayao,3,Both,23,5-14 years,630,Low back pain,3,Rate,2015,783.91004953211,1116.99548774217,553.41919933501
1,All Population,5,Prevalence,16,Philippines,3,Both,23,5-14 years,626,Musculoskeletal disorders,3,Rate,2016,1020.5506778753501,1343.27712082989,751.50052514876
1,All Population,5,Prevalence,16,Philippines,3,Both,23,5-14 years,630,Low back pain,3,Rate,2016,758.6817179019799,1075.49518342542,540.05586238795
1,All Population,5,Prevalence,53549,Zambales,3,Both,23,5-14 years,626,Musculoskeletal disorders,3,Rate,2015,1035.79525161741,1390.06124784488,771.40975765107
1,All Population,5,Prevalence,53549,Zambales,3,Both,23,5-14 years,630,Low back pain,3,Rate,2015,765.9809379429801,1099.41465622311,539.94496169601
1,All Population,5,Prevalence,53596,Davao de Oro,3,Both,23,5-14 years,626,Musculoskeletal disorders,3,Rate,2015,1023.0479166022601,1344.3244464868499,741.30953423115
1,All Population,5,Prevalence,53596,Davao de Oro,3,Both,23,5-14 years,630,Low back pain,3,Rate,2015,771.89533000761,1079.8465741125199,539.49635893938
1,All Population,5,Prevalence,53569,Masbate,3,Both,23,5-14 years,626,Musculoskeletal disorders,3,Rate,2013,1052.97789186133,1389.48489391641,773.12090799363
1,All Population,5,Prevalence,53569,Masbate,3,Both,23,5-14 years,630,Low back pain,3,Rate,2013,789.17489962894,1122.69297054779,553.44958186872
1,All Population,5,Prevalence,53571,Capiz,3,Both,23,5-14 years,626,Musculoskeletal disorders,3,Rate,2014,1061.56150221076,1410.93166188717,782.69266851897
1,All Population,5,Prevalence,53571,Capiz,3,Both,23,5-14 years,630,Low back pain,3,Rate,2014,788.7729716571199,1115.68158246636,557.59368602161
1,All Population,5,Prevalence,53562,Romblon,3,Both,23,5-14 years,626,Musculoskeletal disorders,3,Rate,2015,1048.2941722492299,1385.45042350395,778.62920599725
1,All Population,5,Prevalence,53562,Romblon,3,Both,23,5-14 years,630,Low back pain,3,Rate,2015,780.22963012371,1074.27178021894,537.30700790762
1,All Population,5,Prevalence,53592,Lanao Del Norte,3,Both,23,5-14 years,626,Musculoskeletal disorders,3,Rate,2013,1013.13330984278,1336.90208422892,740.00227664344
1,All Population,5,Prevalence,53592,Lanao Del Norte,3,Both,23,5-14 years,630,Low back pain,3,Rate,2013,767.0915108023801,1083.51549976757,545.68044179135
1,All Population,5,Prevalence,53609,Tawi-Tawi,3,Both,23,5-14 years,626,Musculoskeletal disorders,3,Rate,2015,1033.19944940189,1357.4213489925498,759.19325831454
1,All Population,5,Prevalence,53570,Camarines Sur,3,Both,23,5-14 years,626,Musculoskeletal disorders,3,Rate,2015,1037.45924013997,1382.81984974938,763.88588511356
1,All Population,5,Prevalence,53570,Camarines Sur,3,Both,23,5-14 years,630,Low back pain,3,Rate,2015,766.7550484820999,1092.7468500775099,531.28803806413
1,All Population,5,Prevalence,53583,Northern Samar,3,Both,23,5-14 years,626,Musculoskeletal disorders,3,Rate,2016,1056.07870683282,1371.57958226569,775.50639403178
1,All Population,5,Prevalence,53583,Northern Samar,3,Both,23,5-14 years,630,Low back pain,3,Rate,2016,787.77560255043,1107.65494095826,567.4536725527701
1,All Population,5,Prevalence,53536,Abra,3,Both,23,5-14 years,626,Musculoskeletal disorders,3,Rate,2016,1046.84606480768,1383.4016255936501,781.52954854705
1,All Population,5,Prevalence,53582,Eastern Samar,3,Both,23,5-14 years,626,Musculoskeletal disorders,3,Rate,2013,1075.93100598458,1422.11449104806,795.79259104869
1,All Population,5,Prevalence,53584,Samar (Western Samar),3,Both,23,5-14 years,626,Musculoskeletal disorders,3,Rate,2015,1070.57177317807,1390.0812125002,797.67131092487
1,All Population,5,Prevalence,53584,Samar (Western Samar),3,Both,23,5-14 years,630,Low back pain,3,Rate,2015,797.7316694905101,1101.53147948059,557.44161807041
1,All Population,5,Prevalence,53559,Quezon,3,Both,23,5-14 years,630,Low back pain,3,Rate,2016,771.84867551764,1076.56184160901,543.1138392221501
1,All Population,5,Prevalence,53602,Cotabato (North Cotabato),3,Both,23,5-14 years,626,Musculoskeletal disorders,3,Rate,2015,1004.4754914147899,1322.3636785804301,740.7620246504
1,All Population,5,Prevalence,53611,Sulu,3,Both,23,5-14 years,626,Musculoskeletal disorders,3,Rate,2016,997.05258130611,1311.53182294414,719.9514602384601
1,All Population,5,Prevalence,53611,Sulu,3,Both,23,5-14 years,630,Low back pain,3,Rate,2016,762.53006388916,1063.73351538235,536.93444135771
1,All Population,5,Prevalence,53602,Cotabato (North Cotabato),3,Both,23,5-14 years,630,Low back pain,3,Rate,2015,766.29312470481,1065.07689963076,539.61610748007
1,All Population,5,Prevalence,53572,Aklan,3,Both,23,5-14 years,626,Musculoskeletal disorders,3,Rate,2016,1009.79609296827,1341.3491316730501,746.10692110073
1,All Population,5,Prevalence,53572,Aklan,3,Both,23,5-14 years,630,Low back pain,3,Rate,2016,751.900016082,1064.25149092487,532.0847176553
1,All Population,5,Prevalence,53567,Sorsogon,3,Both,23,5-14 years,630,Low back pain,3,Rate,2017,775.64918582092,1074.18101341527,544.97980730697
1,All Population,5,Prevalence,53609,Tawi-Tawi,3,Both,23,5-14 years,630,Low back pain,3,Rate,2015,769.91071762038,1092.03373461896,545.67666084827
1,All Population,5,Prevalence,53544,Cagayan,3,Both,23,5-14 years,626,Musculoskeletal disorders,3,Rate,2018,1014.5127222491401,1322.25974684301,748.42310564398
1,All Population,5,Prevalence,53577,Negros Oriental,3,Both,23,5-14 years,626,Musculoskeletal disorders,3,Rate,2016,1031.6775272487698,1364.4207869326099,769.49785202693
1,All Population,5,Prevalence,53577,Negros Oriental,3,Both,23,5-14 years,630,Low back pain,3,Rate,2016,774.18872810784,1115.35742821778,540.56139210226
1,All Population,5,Prevalence,53557,Laguna,3,Both,23,5-14 years,626,Musculoskeletal disorders,3,Rate,2015,1019.9725644637799,1364.56777491507,755.2140765625101
1,All Population,5,Prevalence,53557,Laguna,3,Both,23,5-14 years,630,Low back pain,3,Rate,2015,749.49631355691,1040.01831821319,525.05316719451
1,All Population,5,Prevalence,53564,Marinduque,3,Both,23,5-14 years,626,Musculoskeletal disorders,3,Rate,2015,1058.05714029354,1379.13709234048,806.34061794194
1,All Population,5,Prevalence,53564,Marinduque,3,Both,23,5-14 years,630,Low back pain,3,Rate,2015,780.2499630420899,1091.37149512071,561.5100079076
1,All Population,5,Prevalence,53573,Antique,3,Both,23,5-14 years,626,Musculoskeletal disorders,3,Rate,2014,1054.39308228547,1383.1343467628,776.99067185937
1,All Population,5,Prevalence,53573,Antique,3,Both,23,5-14 years,630,Low back pain,3,Rate,2014,784.71973813062,1074.21983991917,549.47314080207
1,All Population,5,Prevalence,53539,La Union,3,Both,23,5-14 years,626,Musculoskeletal disorders,3,Rate,2015,1033.07916405219,1377.5072026635,776.26260043712
1,All Population,5,Prevalence,53533,Mountain Province,3,Both,23,5-14 years,626,Musculoskeletal disorders,3,Rate,2018,1042.4841443830599,1377.2587472203,761.5719235753701
1,All Population,5,Prevalence,53573,Antique,3,Both,23,5-14 years,626,Musculoskeletal disorders,3,Rate,2015,1041.34760254486,1356.59127221675,761.41838988891
1,All Population,5,Prevalence,53573,Antique,3,Both,23,5-14 years,630,Low back pain,3,Rate,2015,774.40872463446,1058.7308592428599,539.26760799984
1,All Population,5,Prevalence,53585,Leyte,3,Both,23,5-14 years,626,Musculoskeletal disorders,3,Rate,2016,1026.86823772073,1333.83589602534,750.9964141174801
1,All Population,5,Prevalence,53585,Leyte,3,Both,23,5-14 years,630,Low back pain,3,Rate,2016,764.4922709102001,1074.25552066205,533.64367624307
1,All Population,5,Prevalence,53544,Cagayan,3,Both,23,5-14 years,626,Musculoskeletal disorders,3,Rate,2016,1007.1921512657799,1326.96104397263,742.71648451126
1,All Population,5,Prevalence,53539,La Union,3,Both,23,5-14 years,630,Low back pain,3,Rate,2015,763.08410428104,1067.37788843557,542.94556559917
1,All Population,5,Prevalence,53565,Catanduanes,3,Both,23,5-14 years,626,Musculoskeletal disorders,3,Rate,2016,1027.63034215623,1374.94533140931,745.7344377931701
1,All Population,5,Prevalence,53565,Catanduanes,3,Both,23,5-14 years,630,Low back pain,3,Rate,2016,770.39700186526,1058.42893354777,537.15128178951
1,All Population,5,Prevalence,53558,Batangas,3,Both,23,5-14 years,626,Musculoskeletal disorders,3,Rate,2013,1027.05134335203,1343.74670720064,753.5052834975099
1,All Population,5,Prevalence,53558,Batangas,3,Both,23,5-14 years,630,Low back pain,3,Rate,2013,755.42204333087,1058.4375656841,527.14773466175
1,All Population,5,Prevalence,53580,Siquijor,3,Both,23,5-14 years,626,Musculoskeletal disorders,3,Rate,2017,1055.9930022613098,1384.32493477458,783.3752191435599
1,All Population,5,Prevalence,53580,Siquijor,3,Both,23,5-14 years,630,Low back pain,3,Rate,2017,781.61449287337,1083.27229867044,555.4462243064901
1,All Population,5,Prevalence,53566,Camarines Norte,3,Both,23,5-14 years,626,Musculoskeletal disorders,3,Rate,2016,1022.96768614215,1348.14503414974,755.63181124896
1,All Population,5,Prevalence,53566,Camarines Norte,3,Both,23,5-14 years,630,Low back pain,3,Rate,2016,763.71833550174,1058.64585137729,523.56695850513
1,All Population,5,Prevalence,53603,Sarangani,3,Both,23,5-14 years,626,Musculoskeletal disorders,3,Rate,2013,1046.23486196491,1383.77349686693,771.81381019887
1,All Population,5,Prevalence,53603,Sarangani,3,Both,23,5-14 years,630,Low back pain,3,Rate,2013,786.08677257284,1116.35224002553,556.5907793035101
1,All Population,5,Prevalence,53536,Abra,3,Both,23,5-14 years,626,Musculoskeletal disorders,3,Rate,2015,1045.15878152959,1381.98396498092,780.74493159135
1,All Population,5,Prevalence,53613,Lanao Del Sur,3,Both,23,5-14 years,630,Low back pain,3,Rate,2016,754.74310689023,1070.2066582142,534.77986050372
1,All Population,5,Prevalence,53591,Bukidnon,3,Both,23,5-14 years,626,Musculoskeletal disorders,3,Rate,2018,1002.51313741284,1337.6364297858001,753.5441339118299
1,All Population,5,Prevalence,53591,Bukidnon,3,Both,23,5-14 years,630,Low back pain,3,Rate,2018,752.80769032963,1046.67012077774,539.5889281273801
1,All Population,5,Prevalence,53580,Siquijor,3,Both,23,5-14 years,626,Musculoskeletal disorders,3,Rate,2018,1056.39554102394,1390.32731469551,774.82518421521
1,All Population,5,Prevalence,53580,Siquijor,3,Both,23,5-14 years,630,Low back pain,3,Rate,2018,781.6404169996599,1083.53486298645,555.99102228155
1,All Population,5,Prevalence,53571,Capiz,3,Both,23,5-14 years,626,Musculoskeletal disorders,3,Rate,2013,1073.1635784285202,1416.59118680894,790.24852039661
1,All Population,5,Prevalence,53571,Capiz,3,Both,23,5-14 years,630,Low back pain,3,Rate,2013,798.1074410946899,1141.40055494952,561.2846734889999
1,All Population,5,Prevalence,53539,La Union,3,Both,23,5-14 years,626,Musculoskeletal disorders,3,Rate,2014,1035.92837390818,1369.1734848961898,777.24284942062
1,All Population,5,Prevalence,53551,Pampanga,3,Both,23,5-14 years,626,Musculoskeletal disorders,3,Rate,2015,1042.76924165923,1391.67771629629,754.3653293005
1,All Population,5,Prevalence,53551,Pampanga,3,Both,23,5-14 years,630,Low back pain,3,Rate,2015,764.26464782412,1090.59556138113,545.7156566374899
1,All Population,5,Prevalence,53533,Mountain Province,3,Both,23,5-14 years,630,Low back pain,3,Rate,2018,793.05027955861,1116.17249796592,562.82058305403
1,All Population,5,Prevalence,53610,Basilan,3,Both,23,5-14 years,626,Musculoskeletal disorders,3,Rate,2015,963.2077593737,1270.7512180137498,686.8041493536899
1,All Population,5,Prevalence,53584,Samar (Western Samar),3,Both,23,5-14 years,626,Musculoskeletal disorders,3,Rate,2014,1075.3674739303399,1393.44806143242,798.9612094117599
1,All Population,5,Prevalence,53584,Samar (Western Samar),3,Both,23,5-14 years,630,Low back pain,3,Rate,2014,801.5048934718201,1118.9203939088,560.71520267242
1,All Population,5,Prevalence,53533,Mountain Province,3,Both,23,5-14 years,626,Musculoskeletal disorders,3,Rate,2017,1044.90774901395,1382.1969030387402,765.59885788246
1,All Population,5,Prevalence,53574,Negros Occidental,3,Both,23,5-14 years,626,Musculoskeletal disorders,3,Rate,2016,1027.57556615011,1344.56338657198,769.96651486335
1,All Population,5,Prevalence,53538,Kalinga,3,Both,23,5-14 years,626,Musculoskeletal disorders,3,Rate,2016,1043.70238476811,1386.34340068559,783.53339610848
1,All Population,5,Prevalence,53538,Kalinga,3,Both,23,5-14 years,630,Low back pain,3,Rate,2016,778.24181456012,1103.1810250671,553.39073203857
1,All Population,5,Prevalence,53579,Bohol,3,Both,23,5-14 years,626,Musculoskeletal disorders,3,Rate,2016,1046.38234430509,1386.37960748313,765.40665368481
1,All Population,5,Prevalence,53579,Bohol,3,Both,23,5-14 years,630,Low back pain,3,Rate,2016,777.98133222137,1103.2113693941901,540.4165408523099
1,All Population,5,Prevalence,53587,Zamboanga Sibugay,3,Both,23,5-14 years,626,Musculoskeletal disorders,3,Rate,2016,1023.8196236350101,1339.11758896586,753.12946249049
1,All Population,5,Prevalence,53587,Zamboanga Sibugay,3,Both,23,5-14 years,630,Low back pain,3,Rate,2016,762.74963679734,1056.33804295415,540.03996349681
1,All Population,5,Prevalence,53575,Iloilo,3,Both,23,5-14 years,630,Low back pain,3,Rate,2014,763.5971033133201,1097.73448388652,542.33373488987
1,All Population,5,Prevalence,53586,Biliran,3,Both,23,5-14 years,626,Musculoskeletal disorders,3,Rate,2015,1041.4062975846798,1374.80329573291,782.42315132541
1,All Population,5,Prevalence,53586,Biliran,3,Both,23,5-14 years,630,Low back pain,3,Rate,2015,767.55061841762,1073.7348184820698,535.90969506544
1,All Population,5,Prevalence,53580,Siquijor,3,Both,23,5-14 years,626,Musculoskeletal disorders,3,Rate,2016,1059.90211530277,1386.30796141206,784.85758541496
1,All Population,5,Prevalence,53580,Siquijor,3,Both,23,5-14 years,630,Low back pain,3,Rate,2016,784.79897561354,1091.9271328300401,559.5511217330101
1,All Population,5,Prevalence,53539,La Union,3,Both,23,5-14 years,630,Low back pain,3,Rate,2014,765.64574029505,1067.2916216369101,544.73663023108
1,All Population,5,Prevalence,53572,Aklan,3,Both,23,5-14 years,626,Musculoskeletal disorders,3,Rate,2015,1014.2035846050701,1347.42349710426,749.97750127267
1,All Population,5,Prevalence,53572,Aklan,3,Both,23,5-14 years,630,Low back pain,3,Rate,2015,754.7489311855,1074.00655036691,524.88581599454
1,All Population,5,Prevalence,53584,Samar (Western Samar),3,Both,23,5-14 years,626,Musculoskeletal disorders,3,Rate,2013,1078.3819959223702,1400.6460009801601,804.81542943573
1,All Population,5,Prevalence,53584,Samar (Western Samar),3,Both,23,5-14 years,630,Low back pain,3,Rate,2013,804.5916381583199,1137.7735688468101,561.7925712848801
1,All Population,5,Prevalence,53604,Agusan Del Norte,3,Both,23,5-14 years,626,Musculoskeletal disorders,3,Rate,2015,1025.49616207594,1355.92102959329,766.3923460083
1,All Population,5,Prevalence,53604,Agusan Del Norte,3,Both,23,5-14 years,630,Low back pain,3,Rate,2015,765.63183230947,1080.35793117408,543.85732739122
1,All Population,5,Prevalence,53574,Negros Occidental,3,Both,23,5-14 years,630,Low back pain,3,Rate,2016,759.93669236712,1054.4644861377499,546.52993210509
1,All Population,5,Prevalence,53590,Misamis Occidental,3,Both,23,5-14 years,626,Musculoskeletal disorders,3,Rate,2016,1035.0101893297401,1361.48799984425,777.22584259638
1,All Population,5,Prevalence,53575,Iloilo,3,Both,23,5-14 years,626,Musculoskeletal disorders,3,Rate,2015,1023.02746561601,1373.01843259496,755.27128242087
1,All Population,5,Prevalence,53566,Camarines Norte,3,Both,23,5-14 years,626,Musculoskeletal disorders,3,Rate,2015,1030.55130238075,1367.21126644159,756.55299108284
1,All Population,5,Prevalence,53566,Camarines Norte,3,Both,23,5-14 years,630,Low back pain,3,Rate,2015,768.20319318443,1058.29927208959,520.428682522
1,All Population,5,Prevalence,53611,Sulu,3,Both,23,5-14 years,626,Musculoskeletal disorders,3,Rate,2015,990.90169564821,1300.8345798478101,722.27752915882
1,All Population,5,Prevalence,53611,Sulu,3,Both,23,5-14 years,630,Low back pain,3,Rate,2015,760.8092467934499,1050.67997670521,529.62836402631
1,All Population,5,Prevalence,53610,Basilan,3,Both,23,5-14 years,630,Low back pain,3,Rate,2015,748.11372052057,1044.16070463597,519.69340657001
1,All Population,5,Prevalence,53541,Ilocos Sur,3,Both,23,5-14 years,626,Musculoskeletal disorders,3,Rate,2015,1034.41239394261,1346.5743978318799,784.7891851864099
1,All Population,5,Prevalence,53541,Ilocos Sur,3,Both,23,5-14 years,630,Low back pain,3,Rate,2015,764.02883159407,1053.29910529524,540.23903158843
1,All Population,5,Prevalence,53533,Mountain Province,3,Both,23,5-14 years,630,Low back pain,3,Rate,2017,790.31517393051,1111.34296948461,562.7746810120201
1,All Population,5,Prevalence,53552,Bulacan,3,Both,23,5-14 years,626,Musculoskeletal disorders,3,Rate,2015,1027.56959946781,1354.52459137003,758.04689537469
1,All Population,5,Prevalence,53599,Davao Del Norte,3,Both,23,5-14 years,626,Musculoskeletal disorders,3,Rate,2014,1016.93848118058,1320.62902346608,738.57698854492
1,All Population,5,Prevalence,53599,Davao Del Norte,3,Both,23,5-14 years,630,Low back pain,3,Rate,2014,758.84321147982,1056.87724939906,530.31359704742
1,All Population,5,Prevalence,53591,Bukidnon,3,Both,23,5-14 years,626,Musculoskeletal disorders,3,Rate,2017,1002.36148488165,1344.45581825263,750.98380511959
1,All Population,5,Prevalence,53591,Bukidnon,3,Both,23,5-14 years,630,Low back pain,3,Rate,2017,752.4610253428,1043.78051064791,538.22720818313
1,All Population,5,Prevalence,53591,Bukidnon,3,Both,23,5-14 years,626,Musculoskeletal disorders,3,Rate,2016,1005.60879628773,1352.8636830401101,747.04024119631
1,All Population,5,Prevalence,53591,Bukidnon,3,Both,23,5-14 years,630,Low back pain,3,Rate,2016,754.76724479144,1047.0270510477799,534.8840884461399
1,All Population,5,Prevalence,53598,Davao Occidental,3,Both,23,5-14 years,630,Low back pain,3,Rate,2015,768.82496335666,1087.2172911888001,535.9596725236099
1,All Population,5,Prevalence,53605,Agusan Del Sur,3,Both,23,5-14 years,630,Low back pain,3,Rate,2013,774.79026177602,1083.52859297108,552.41570487016
1,All Population,5,Prevalence,53552,Bulacan,3,Both,23,5-14 years,626,Musculoskeletal disorders,3,Rate,2014,1034.60561960469,1355.4742942372,760.3620777815601
1,All Population,5,Prevalence,53575,Iloilo,3,Both,23,5-14 years,630,Low back pain,3,Rate,2015,759.78786008178,1097.57065228314,540.02523521664
1,All Population,5,Prevalence,53534,Ifugao,3,Both,23,5-14 years,626,Musculoskeletal disorders,3,Rate,2016,1048.38091449554,1378.79891303111,772.8754841185701
1,All Population,5,Prevalence,53534,Ifugao,3,Both,23,5-14 years,630,Low back pain,3,Rate,2016,784.4744547919801,1087.4204373596701,572.1666309766
1,All Population,5,Prevalence,53559,Quezon,3,Both,23,5-14 years,630,Low back pain,3,Rate,2015,775.20095762152,1091.50947093513,541.65111183128
1,All Population,5,Prevalence,53582,Eastern Samar,3,Both,23,5-14 years,630,Low back pain,3,Rate,2018,793.76318164183,1127.60272302721,562.7742297296601
1,All Population,5,Prevalence,53589,Zamboanga Del Sur,3,Both,23,5-14 years,626,Musculoskeletal disorders,3,Rate,2016,1026.35939110083,1362.4828696718498,754.84963479851
1,All Population,5,Prevalence,53589,Zamboanga Del Sur,3,Both,23,5-14 years,630,Low back pain,3,Rate,2016,763.42116204356,1083.32096588943,537.64603703812
1,All Population,5,Prevalence,53606,Surigao Del Sur,3,Both,23,5-14 years,626,Musculoskeletal disorders,3,Rate,2018,1031.0145663862,1379.2235520836,764.70984892258
1,All Population,5,Prevalence,53606,Surigao Del Sur,3,Both,23,5-14 years,630,Low back pain,3,Rate,2018,769.13725939156,1091.8167452636299,534.90224918935
1,All Population,5,Prevalence,53546,Quirino,3,Both,23,5-14 years,626,Musculoskeletal disorders,3,Rate,2018,1055.60384902201,1377.35044382548,780.00767587664
1,All Population,5,Prevalence,53546,Quirino,3,Both,23,5-14 years,630,Low back pain,3,Rate,2018,776.61086926084,1100.05947660396,552.46364840659
1,All Population,5,Prevalence,53577,Negros Oriental,3,Both,23,5-14 years,626,Musculoskeletal disorders,3,Rate,2015,1035.58294298491,1366.51707050871,770.54438245934
1,All Population,5,Prevalence,53577,Negros Oriental,3,Both,23,5-14 years,630,Low back pain,3,Rate,2015,777.3210334412801,1125.47161934973,541.26559555633
1,All Population,5,Prevalence,53538,Kalinga,3,Both,23,5-14 years,626,Musculoskeletal disorders,3,Rate,2015,1046.10350015052,1389.09459312047,781.29507074223
1,All Population,5,Prevalence,53538,Kalinga,3,Both,23,5-14 years,630,Low back pain,3,Rate,2015,780.5271918150299,1097.0210716021002,553.55924898067
1,All Population,5,Prevalence,53583,Northern Samar,3,Both,23,5-14 years,626,Musculoskeletal disorders,3,Rate,2015,1061.00587271972,1373.1441186033,777.724053487
1,All Population,5,Prevalence,53583,Northern Samar,3,Both,23,5-14 years,630,Low back pain,3,Rate,2015,791.5338424102599,1118.1475528472602,568.42672845693
1,All Population,5,Prevalence,53567,Sorsogon,3,Both,23,5-14 years,630,Low back pain,3,Rate,2016,781.40316879037,1094.9550953258502,551.3294235378
1,All Population,5,Prevalence,53540,Ilocos Norte,3,Both,23,5-14 years,626,Musculoskeletal disorders,3,Rate,2017,1048.3952172539,1390.69819202565,770.8559707027699
1,All Population,5,Prevalence,53535,Benguet,3,Both,23,5-14 years,626,Musculoskeletal disorders,3,Rate,2017,1024.5151462696601,1345.74789924494,757.80570720242
1,All Population,5,Prevalence,53535,Benguet,3,Both,23,5-14 years,630,Low back pain,3,Rate,2017,765.90838196688,1079.9381291055101,540.8101209254801
1,All Population,5,Prevalence,53574,Negros Occidental,3,Both,23,5-14 years,626,Musculoskeletal disorders,3,Rate,2015,1030.87760257727,1353.0749372994999,778.96831959958
1,All Population,5,Prevalence,53541,Ilocos Sur,3,Both,23,5-14 years,626,Musculoskeletal disorders,3,Rate,2014,1032.7514205684001,1354.41578005215,784.26884450117
1,All Population,5,Prevalence,53541,Ilocos Sur,3,Both,23,5-14 years,630,Low back pain,3,Rate,2014,763.3038127837,1059.0160808482499,547.29488772928
1,All Population,5,Prevalence,53586,Biliran,3,Both,23,5-14 years,626,Musculoskeletal disorders,3,Rate,2014,1050.8193633558499,1396.8460599765,788.01940715124
1,All Population,5,Prevalence,53586,Biliran,3,Both,23,5-14 years,630,Low back pain,3,Rate,2014,774.47684824086,1088.9350801022101,544.22517745472
1,All Population,5,Prevalence,53540,Ilocos Norte,3,Both,23,5-14 years,626,Musculoskeletal disorders,3,Rate,2016,1042.19223147003,1382.7487715724,765.62543867553
1,All Population,5,Prevalence,53540,Ilocos Norte,3,Both,23,5-14 years,630,Low back pain,3,Rate,2017,778.38440629504,1075.29386444874,547.00310939063
1,All Population,5,Prevalence,53581,Southern Leyte,3,Both,23,5-14 years,626,Musculoskeletal disorders,3,Rate,2016,1016.69453843187,1327.63638793259,749.45745961663
1,All Population,5,Prevalence,53536,Abra,3,Both,23,5-14 years,630,Low back pain,3,Rate,2016,779.47360702508,1097.75879047616,551.60899236941
1,All Population,5,Prevalence,53581,Southern Leyte,3,Both,23,5-14 years,630,Low back pain,3,Rate,2016,774.64053412098,1083.72054650137,550.47948641839
1,All Population,5,Prevalence,53535,Benguet,3,Both,23,5-14 years,626,Musculoskeletal disorders,3,Rate,2018,1024.7588240652601,1348.10256347266,759.9606957862501
1,All Population,5,Prevalence,53535,Benguet,3,Both,23,5-14 years,630,Low back pain,3,Rate,2018,767.93146931019,1077.70244801882,544.6171993195201
1,All Population,5,Prevalence,53540,Ilocos Norte,3,Both,23,5-14 years,630,Low back pain,3,Rate,2016,772.66445778423,1069.51533011339,538.41731422092
1,All Population,5,Prevalence,53593,Misamis Oriental,3,Both,23,5-14 years,626,Musculoskeletal disorders,3,Rate,2018,1007.8998391875,1325.41652601497,736.0291078202499
1,All Population,5,Prevalence,53593,Misamis Oriental,3,Both,23,5-14 years,630,Low back pain,3,Rate,2018,750.58966006205,1030.02701231676,535.69547499105
1,All Population,5,Prevalence,53553,Nueva Ecija,3,Both,23,5-14 years,626,Musculoskeletal disorders,3,Rate,2016,1031.40404716712,1370.2360075261001,766.7120327065401
1,All Population,5,Prevalence,53553,Nueva Ecija,3,Both,23,5-14 years,630,Low back pain,3,Rate,2016,761.69932671799,1064.27540282296,540.5242263006901
1,All Population,5,Prevalence,53598,Davao Occidental,3,Both,23,5-14 years,626,Musculoskeletal disorders,3,Rate,2016,1016.3186449462601,1335.33625950325,747.95776610351
1,All Population,5,Prevalence,53574,Negros Occidental,3,Both,23,5-14 years,630,Low back pain,3,Rate,2015,762.434011835,1058.14021955982,543.81322239977
1,All Population,5,Prevalence,53588,Zamboanga Del Norte,3,Both,23,5-14 years,626,Musculoskeletal disorders,3,Rate,2015,1024.65589140963,1341.44990612584,752.8314681460099
1,All Population,5,Prevalence,53592,Lanao Del Norte,3,Both,23,5-14 years,626,Musculoskeletal disorders,3,Rate,2016,1016.2491759065899,1343.0777330003,750.21223282847
1,All Population,5,Prevalence,53592,Lanao Del Norte,3,Both,23,5-14 years,630,Low back pain,3,Rate,2016,759.68932611219,1075.2314692106102,537.52273184996
1,All Population,5,Prevalence,53559,Quezon,3,Both,23,5-14 years,626,Musculoskeletal disorders,3,Rate,2017,1041.40622459217,1379.27961382494,776.47875032154
1,All Population,5,Prevalence,53605,Agusan Del Sur,3,Both,23,5-14 years,626,Musculoskeletal disorders,3,Rate,2016,1020.4187589653701,1343.66967911347,762.9528722042
1,All Population,5,Prevalence,53598,Davao Occidental,3,Both,23,5-14 years,626,Musculoskeletal disorders,3,Rate,2017,1016.1373006465,1335.1090171753,749.07416921546
1,All Population,5,Prevalence,53587,Zamboanga Sibugay,3,Both,23,5-14 years,626,Musculoskeletal disorders,3,Rate,2017,1023.1737702153699,1337.2091913823,753.7022695175
1,All Population,5,Prevalence,53587,Zamboanga Sibugay,3,Both,23,5-14 years,630,Low back pain,3,Rate,2017,761.28525018386,1055.66659185905,539.31829476406
1,All Population,5,Prevalence,53582,Eastern Samar,3,Both,23,5-14 years,630,Low back pain,3,Rate,2017,794.05975661123,1139.13865815661,566.3137878342001
1,All Population,5,Prevalence,53546,Quirino,3,Both,23,5-14 years,626,Musculoskeletal disorders,3,Rate,2017,1048.60743220257,1372.44956688766,780.8275797500901
1,All Population,5,Prevalence,53546,Quirino,3,Both,23,5-14 years,630,Low back pain,3,Rate,2017,771.02205270299,1089.71845103234,545.62348931349
1,All Population,5,Prevalence,53588,Zamboanga Del Norte,3,Both,23,5-14 years,630,Low back pain,3,Rate,2015,762.34060334651,1058.76458131488,536.32498672593
1,All Population,5,Prevalence,53579,Bohol,3,Both,23,5-14 years,626,Musculoskeletal disorders,3,Rate,2015,1049.7694190421398,1400.47552187779,771.07779955577
1,All Population,5,Prevalence,53579,Bohol,3,Both,23,5-14 years,630,Low back pain,3,Rate,2015,780.8314144755,1112.34198687333,539.94594358
1,All Population,5,Prevalence,53585,Leyte,3,Both,23,5-14 years,626,Musculoskeletal disorders,3,Rate,2015,1030.44196329049,1350.31634509458,752.98057013816
1,All Population,5,Prevalence,53585,Leyte,3,Both,23,5-14 years,630,Low back pain,3,Rate,2015,767.0562664026801,1081.7024235626,533.04482433714
1,All Population,5,Prevalence,53543,Nueva Vizcaya,3,Both,23,5-14 years,626,Musculoskeletal disorders,3,Rate,2015,1031.85231118724,1369.25048538294,751.83402487916
1,All Population,5,Prevalence,53543,Nueva Vizcaya,3,Both,23,5-14 years,630,Low back pain,3,Rate,2015,765.16680566201,1078.50293176699,531.93329854363
1,All Population,5,Prevalence,53545,Isabela,3,Both,23,5-14 years,626,Musculoskeletal disorders,3,Rate,2016,1018.9068560484301,1347.60134894652,759.68961798043
1,All Population,5,Prevalence,53545,Isabela,3,Both,23,5-14 years,630,Low back pain,3,Rate,2016,757.5990280707699,1096.52478762582,532.80478835805
1,All Population,5,Prevalence,53601,Sultan Kudarat,3,Both,23,5-14 years,626,Musculoskeletal disorders,3,Rate,2014,1046.02977205827,1380.64322217467,781.58591647887
1,All Population,5,Prevalence,53601,Sultan Kudarat,3,Both,23,5-14 years,630,Low back pain,3,Rate,2014,779.94345744439,1113.7750466359,555.6936720487901
1,All Population,5,Prevalence,53613,Lanao Del Sur,3,Both,23,5-14 years,630,Low back pain,3,Rate,2015,752.69312682167,1073.84369750627,525.94074193601
1,All Population,5,Prevalence,53613,Lanao Del Sur,3,Both,23,5-14 years,626,Musculoskeletal disorders,3,Rate,2016,1013.9654891655501,1353.3225134143,747.39730290553
1,All Population,5,Prevalence,53545,Isabela,3,Both,23,5-14 years,626,Musculoskeletal disorders,3,Rate,2017,1019.83797642625,1350.78820491296,758.25931768877
1,All Population,5,Prevalence,53545,Isabela,3,Both,23,5-14 years,630,Low back pain,3,Rate,2017,760.61052809891,1104.82495980976,539.11990066516
1,All Population,5,Prevalence,53559,Quezon,3,Both,23,5-14 years,626,Musculoskeletal disorders,3,Rate,2018,1043.43000093341,1377.38836061251,770.60351204749
1,All Population,5,Prevalence,53608,Dinagat Islands,3,Both,23,5-14 years,626,Musculoskeletal disorders,3,Rate,2018,1036.5636262053401,1372.19426662349,765.38716149114
1,All Population,5,Prevalence,53608,Dinagat Islands,3,Both,23,5-14 years,630,Low back pain,3,Rate,2018,766.62272030612,1073.6308992976901,544.5988812955201
1,All Population,5,Prevalence,53542,Pangasinan,3,Both,23,5-14 years,626,Musculoskeletal disorders,3,Rate,2016,1023.8308102063601,1339.81728059491,756.1949530345801
1,All Population,5,Prevalence,53542,Pangasinan,3,Both,23,5-14 years,630,Low back pain,3,Rate,2016,753.74268365026,1072.87254121831,522.83278058808
1,All Population,5,Prevalence,53555,Rizal,3,Both,23,5-14 years,626,Musculoskeletal disorders,3,Rate,2016,1024.01522414688,1355.99083130247,764.05152582472
1,All Population,5,Prevalence,53555,Rizal,3,Both,23,5-14 years,630,Low back pain,3,Rate,2016,750.5679893161599,1060.73399225104,523.4594605505099
1,All Population,5,Prevalence,53593,Misamis Oriental,3,Both,23,5-14 years,626,Musculoskeletal disorders,3,Rate,2017,1007.07486938521,1323.94455945098,738.88107863177
1,All Population,5,Prevalence,53593,Misamis Oriental,3,Both,23,5-14 years,630,Low back pain,3,Rate,2017,750.24044708229,1034.81924714494,535.71906925864
1,All Population,5,Prevalence,53600,South Cotabato,3,Both,23,5-14 years,626,Musculoskeletal disorders,3,Rate,2017,1024.9266671925,1358.57910898258,770.12075507778
1,All Population,5,Prevalence,53600,South Cotabato,3,Both,23,5-14 years,630,Low back pain,3,Rate,2017,757.87241316884,1053.2985801807201,535.51171025983
1,All Population,5,Prevalence,53606,Surigao Del Sur,3,Both,23,5-14 years,626,Musculoskeletal disorders,3,Rate,2017,1030.27206353165,1374.19128093051,761.12053677924
1,All Population,5,Prevalence,53606,Surigao Del Sur,3,Both,23,5-14 years,630,Low back pain,3,Rate,2017,770.06982749194,1085.93436024744,541.8122534274601
1,All Population,5,Prevalence,53542,Pangasinan,3,Both,23,5-14 years,626,Musculoskeletal disorders,3,Rate,2017,1021.95716984331,1338.12263255776,752.74941361648
1,All Population,5,Prevalence,53542,Pangasinan,3,Both,23,5-14 years,630,Low back pain,3,Rate,2017,752.06340216413,1067.01163012211,527.36143031838
1,All Population,5,Prevalence,53589,Zamboanga Del Sur,3,Both,23,5-14 years,626,Musculoskeletal disorders,3,Rate,2017,1024.0163792466599,1346.15522098214,753.8918585984101
1,All Population,5,Prevalence,53589,Zamboanga Del Sur,3,Both,23,5-14 years,630,Low back pain,3,Rate,2017,760.84914982611,1071.20566941938,535.2668618190299
1,All Population,5,Prevalence,53534,Ifugao,3,Both,23,5-14 years,626,Musculoskeletal disorders,3,Rate,2017,1054.82531917043,1378.52579601733,779.72790522865
1,All Population,5,Prevalence,53534,Ifugao,3,Both,23,5-14 years,630,Low back pain,3,Rate,2017,789.19512342292,1107.24572378651,569.28202415358
1,All Population,5,Prevalence,53581,Southern Leyte,3,Both,23,5-14 years,626,Musculoskeletal disorders,3,Rate,2017,1014.96216381977,1336.1657390355801,746.18330846196
1,All Population,5,Prevalence,16,Philippines,3,Both,23,5-14 years,626,Musculoskeletal disorders,3,Rate,2017,1018.72839089265,1337.54559023396,750.11810101924
1,All Population,5,Prevalence,16,Philippines,3,Both,23,5-14 years,630,Low back pain,3,Rate,2017,757.10088476668,1070.78652968179,539.22349513296
1,All Population,5,Prevalence,53557,Laguna,3,Both,23,5-14 years,626,Musculoskeletal disorders,3,Rate,2016,1016.60605438841,1347.6751652686,757.64557748052
1,All Population,5,Prevalence,53557,Laguna,3,Both,23,5-14 years,630,Low back pain,3,Rate,2016,747.0470555455801,1050.0776438643,527.20679639513
1,All Population,5,Prevalence,53567,Sorsogon,3,Both,23,5-14 years,626,Musculoskeletal disorders,3,Rate,2015,1061.82475912481,1409.12220289369,785.15806486729
1,All Population,5,Prevalence,53599,Davao Del Norte,3,Both,23,5-14 years,626,Musculoskeletal disorders,3,Rate,2015,1013.3222988716301,1320.97431818156,730.06510569175
1,All Population,5,Prevalence,53599,Davao Del Norte,3,Both,23,5-14 years,630,Low back pain,3,Rate,2015,755.72260883922,1052.33112828798,523.40122013244
1,All Population,5,Prevalence,53602,Cotabato (North Cotabato),3,Both,23,5-14 years,626,Musculoskeletal disorders,3,Rate,2017,1019.52582939325,1339.76729904199,754.82977140653
1,All Population,5,Prevalence,53553,Nueva Ecija,3,Both,23,5-14 years,626,Musculoskeletal disorders,3,Rate,2017,1032.44457905953,1364.2918470099999,767.9297460197499
1,All Population,5,Prevalence,53553,Nueva Ecija,3,Both,23,5-14 years,630,Low back pain,3,Rate,2017,762.1422621077201,1081.9414009438399,542.87968490251
1,All Population,5,Prevalence,53540,Ilocos Norte,3,Both,23,5-14 years,626,Musculoskeletal disorders,3,Rate,2015,1037.35809297088,1371.24725783246,758.19517400683
1,All Population,5,Prevalence,53613,Lanao Del Sur,3,Both,23,5-14 years,626,Musculoskeletal disorders,3,Rate,2017,1018.86068634124,1343.92180379847,752.06537854215
1,All Population,5,Prevalence,53600,South Cotabato,3,Both,23,5-14 years,626,Musculoskeletal disorders,3,Rate,2016,1024.22441984195,1355.9327123784199,772.14874897237
1,All Population,5,Prevalence,53600,South Cotabato,3,Both,23,5-14 years,630,Low back pain,3,Rate,2016,757.25394144724,1067.18469985144,540.27282974588
1,All Population,5,Prevalence,53568,Albay,3,Both,23,5-14 years,626,Musculoskeletal disorders,3,Rate,2018,1021.12058002149,1344.9369118570698,746.7265452919601
1,All Population,5,Prevalence,53568,Albay,3,Both,23,5-14 years,630,Low back pain,3,Rate,2018,763.02412809317,1069.38513032046,549.98661790328
1,All Population,5,Prevalence,53602,Cotabato (North Cotabato),3,Both,23,5-14 years,630,Low back pain,3,Rate,2017,769.55537294541,1084.13793121293,547.92559976129
1,All Population,5,Prevalence,53581,Southern Leyte,3,Both,23,5-14 years,630,Low back pain,3,Rate,2017,776.5323775699201,1086.84148644308,551.1509676403
1,All Population,5,Prevalence,53588,Zamboanga Del Norte,3,Both,23,5-14 years,626,Musculoskeletal disorders,3,Rate,2014,1031.24765722072,1355.2657972487,763.84938417542
1,All Population,5,Prevalence,53592,Lanao Del Norte,3,Both,23,5-14 years,626,Musculoskeletal disorders,3,Rate,2017,1016.9257554971301,1346.2813484124001,749.51235718378
1,All Population,5,Prevalence,53592,Lanao Del Norte,3,Both,23,5-14 years,630,Low back pain,3,Rate,2017,757.98294963053,1065.3316502165,540.59205619356
1,All Population,5,Prevalence,53598,Davao Occidental,3,Both,23,5-14 years,626,Musculoskeletal disorders,3,Rate,2015,1019.7259874507799,1355.70799026848,749.4531410509101
1,All Population,5,Prevalence,53608,Dinagat Islands,3,Both,23,5-14 years,626,Musculoskeletal disorders,3,Rate,2017,1037.48411658246,1369.61249947026,769.8912416867299
1,All Population,5,Prevalence,53608,Dinagat Islands,3,Both,23,5-14 years,630,Low back pain,3,Rate,2017,767.51087874428,1073.81492593768,546.7709703934399
1,All Population,5,Prevalence,53554,Aurora,3,Both,23,5-14 years,626,Musculoskeletal disorders,3,Rate,2015,1044.36865455184,1396.6906940439999,780.8285439877
1,All Population,5,Prevalence,53568,Albay,3,Both,23,5-14 years,626,Musculoskeletal disorders,3,Rate,2016,1028.5903946861101,1357.72480036053,772.14770409525
1,All Population,5,Prevalence,53604,Agusan Del Norte,3,Both,23,5-14 years,626,Musculoskeletal disorders,3,Rate,2018,1028.85474256947,1342.28302175903,767.17675448941
1,All Population,5,Prevalence,53604,Agusan Del Norte,3,Both,23,5-14 years,630,Low back pain,3,Rate,2018,766.55926269142,1064.6943729633201,546.87139870491
1,All Population,5,Prevalence,53557,Laguna,3,Both,23,5-14 years,626,Musculoskeletal disorders,3,Rate,2018,1018.6616859052099,1346.20813214636,762.00735459464
1,All Population,5,Prevalence,53557,Laguna,3,Both,23,5-14 years,630,Low back pain,3,Rate,2018,748.66987664379,1049.99702169404,525.53563049153
1,All Population,5,Prevalence,53554,Aurora,3,Both,23,5-14 years,630,Low back pain,3,Rate,2015,773.79070737156,1095.08673328893,533.73283450966
1,All Population,5,Prevalence,53568,Albay,3,Both,23,5-14 years,630,Low back pain,3,Rate,2016,763.80960517787,1073.02604667461,548.5261410836999
1,All Population,5,Prevalence,53554,Aurora,3,Both,23,5-14 years,626,Musculoskeletal disorders,3,Rate,2014,1053.1712060649402,1400.99649533756,780.60230020951
1,All Population,5,Prevalence,53554,Aurora,3,Both,23,5-14 years,630,Low back pain,3,Rate,2014,781.24346345255,1090.29312342516,540.62981654616
1,All Population,5,Prevalence,53594,Camiguin,3,Both,23,5-14 years,626,Musculoskeletal disorders,3,Rate,2016,995.5221215613,1321.6443985186,728.50811352035
1,All Population,5,Prevalence,53594,Camiguin,3,Both,23,5-14 years,630,Low back pain,3,Rate,2016,756.25969524225,1066.30343899016,526.77014137947
1,All Population,5,Prevalence,16,Philippines,3,Both,23,5-14 years,626,Musculoskeletal disorders,3,Rate,2019,1024.03152389666,1335.05499559497,754.26930887753
1,All Population,5,Prevalence,16,Philippines,3,Both,23,5-14 years,630,Low back pain,3,Rate,2019,760.66372962889,1070.93243289563,542.80641589122
1,All Population,5,Prevalence,53543,Nueva Vizcaya,3,Both,23,5-14 years,626,Musculoskeletal disorders,3,Rate,2016,1028.63212979064,1362.359363813,754.1515408445
1,All Population,5,Prevalence,53543,Nueva Vizcaya,3,Both,23,5-14 years,630,Low back pain,3,Rate,2016,763.4693793794399,1072.83647792321,538.3025780835101
1,All Population,5,Prevalence,53555,Rizal,3,Both,23,5-14 years,626,Musculoskeletal disorders,3,Rate,2017,1018.96442957907,1338.63272003713,756.3421658608299
1,All Population,5,Prevalence,53555,Rizal,3,Both,23,5-14 years,630,Low back pain,3,Rate,2017,746.38683988077,1058.99014782428,517.40548119555
1,All Population,5,Prevalence,53543,Nueva Vizcaya,3,Both,23,5-14 years,626,Musculoskeletal disorders,3,Rate,2014,1033.83246507923,1368.87690492767,754.04572245565
1,All Population,5,Prevalence,53543,Nueva Vizcaya,3,Both,23,5-14 years,630,Low back pain,3,Rate,2014,767.4441169316,1074.20270649132,535.44157929069
1,All Population,5,Prevalence,53588,Zamboanga Del Norte,3,Both,23,5-14 years,630,Low back pain,3,Rate,2014,768.11432709348,1064.2138220086001,540.40521255968
1,All Population,5,Prevalence,53595,Davao Oriental,3,Both,23,5-14 years,626,Musculoskeletal disorders,3,Rate,2018,1045.34815835211,1393.41449223612,778.32544804407
1,All Population,5,Prevalence,53595,Davao Oriental,3,Both,23,5-14 years,630,Low back pain,3,Rate,2018,785.3770004204599,1106.10595473767,555.85533061496
1,All Population,5,Prevalence,53614,National Capital Region,3,Both,23,5-14 years,626,Musculoskeletal disorders,3,Rate,2015,989.7810044152401,1320.14412411173,717.27160712338
1,All Population,5,Prevalence,53614,National Capital Region,3,Both,23,5-14 years,630,Low back pain,3,Rate,2015,749.2815873472599,1042.04335083386,523.0545643972899
1,All Population,5,Prevalence,16,Philippines,3,Both,23,5-14 years,626,Musculoskeletal disorders,3,Rate,2018,1019.9871406657,1334.31992371245,751.12726390132
1,All Population,5,Prevalence,16,Philippines,3,Both,23,5-14 years,630,Low back pain,3,Rate,2018,757.83897338185,1069.10779252615,540.35837492897
1,All Population,5,Prevalence,53590,Misamis Occidental,3,Both,23,5-14 years,630,Low back pain,3,Rate,2015,767.43013650589,1092.0406302978201,544.55643071427
1,All Population,5,Prevalence,53560,Occidental Mindoro,3,Both,23,5-14 years,626,Musculoskeletal disorders,3,Rate,2016,1039.43324434163,1360.15985227903,769.36720080429
1,All Population,5,Prevalence,53560,Occidental Mindoro,3,Both,23,5-14 years,630,Low back pain,3,Rate,2016,771.9946510853,1078.39360412682,550.16011728096
1,All Population,5,Prevalence,53547,Batanes,3,Both,23,5-14 years,626,Musculoskeletal disorders,3,Rate,2017,1069.4395674986,1402.83547309107,774.8216635904901
1,All Population,5,Prevalence,53602,Cotabato (North Cotabato),3,Both,23,5-14 years,626,Musculoskeletal disorders,3,Rate,2016,1009.37757524707,1332.8920531475999,747.94502189973
1,All Population,5,Prevalence,53548,Bataan,3,Both,23,5-14 years,626,Musculoskeletal disorders,3,Rate,2018,1026.52613170625,1327.03495007471,754.98263768434
1,All Population,5,Prevalence,53548,Bataan,3,Both,23,5-14 years,630,Low back pain,3,Rate,2018,758.68002600616,1064.66060124043,529.47772666136
1,All Population,5,Prevalence,53548,Bataan,3,Both,23,5-14 years,626,Musculoskeletal disorders,3,Rate,2017,1024.71641304476,1333.26007783118,755.06779474377
1,All Population,5,Prevalence,53548,Bataan,3,Both,23,5-14 years,630,Low back pain,3,Rate,2017,757.62419147058,1068.86195749099,522.95683260715
1,All Population,5,Prevalence,53602,Cotabato (North Cotabato),3,Both,23,5-14 years,630,Low back pain,3,Rate,2016,766.99640965427,1075.5585542714,542.9255363526601
1,All Population,5,Prevalence,53547,Batanes,3,Both,23,5-14 years,626,Musculoskeletal disorders,3,Rate,2016,1066.12676373982,1397.54985881568,773.56618831974
1,All Population,5,Prevalence,53590,Misamis Occidental,3,Both,23,5-14 years,630,Low back pain,3,Rate,2016,764.81124616764,1096.73965434145,542.14873287774
1,All Population,5,Prevalence,53547,Batanes,3,Both,23,5-14 years,630,Low back pain,3,Rate,2017,793.72033498009,1127.7422904042498,572.0872286904801
1,All Population,5,Prevalence,53547,Batanes,3,Both,23,5-14 years,630,Low back pain,3,Rate,2016,791.5966326789601,1120.60990788638,571.42791657714
1,All Population,5,Prevalence,53607,Surigao Del Norte,3,Both,23,5-14 years,626,Musculoskeletal disorders,3,Rate,2016,1035.21126610801,1363.34145332914,770.16014502015
1,All Population,5,Prevalence,53607,Surigao Del Norte,3,Both,23,5-14 years,630,Low back pain,3,Rate,2016,769.05533698465,1069.76935193799,544.24449639423
1,All Population,5,Prevalence,53567,Sorsogon,3,Both,23,5-14 years,626,Musculoskeletal disorders,3,Rate,2016,1055.16434687737,1388.57998024347,784.09496689838
1,All Population,5,Prevalence,53544,Cagayan,3,Both,23,5-14 years,630,Low back pain,3,Rate,2016,761.7003576833,1086.56223098678,542.94314917161
1,All Population,5,Prevalence,53544,Cagayan,3,Both,23,5-14 years,630,Low back pain,3,Rate,2017,763.19920413954,1074.7945004017001,541.27533995158
1,All Population,5,Prevalence,53604,Agusan Del Norte,3,Both,23,5-14 years,626,Musculoskeletal disorders,3,Rate,2017,1023.70147790707,1345.58021377573,763.75385917276
1,All Population,5,Prevalence,53604,Agusan Del Norte,3,Both,23,5-14 years,630,Low back pain,3,Rate,2017,763.21163022445,1069.64663395896,543.5271129830301
1,All Population,5,Prevalence,53560,Occidental Mindoro,3,Both,23,5-14 years,626,Musculoskeletal disorders,3,Rate,2017,1041.13853249662,1362.09187000701,766.51212834665
1,All Population,5,Prevalence,53560,Occidental Mindoro,3,Both,23,5-14 years,630,Low back pain,3,Rate,2017,772.20327308571,1086.48335272641,548.8690417832601
1,All Population,5,Prevalence,53569,Masbate,3,Both,23,5-14 years,626,Musculoskeletal disorders,3,Rate,2015,1042.91436160481,1373.24450590049,765.51151465181
1,All Population,5,Prevalence,53569,Masbate,3,Both,23,5-14 years,630,Low back pain,3,Rate,2015,779.35709288302,1109.92089970608,543.5774410062601
1,All Population,5,Prevalence,53605,Agusan Del Sur,3,Both,23,5-14 years,626,Musculoskeletal disorders,3,Rate,2017,1020.59346561582,1332.66416746178,762.41509451196
1,All Population,5,Prevalence,53549,Zambales,3,Both,23,5-14 years,626,Musculoskeletal disorders,3,Rate,2017,1033.6872805277198,1384.13993877754,764.80457303943
1,All Population,5,Prevalence,53549,Zambales,3,Both,23,5-14 years,630,Low back pain,3,Rate,2017,764.20652511384,1078.6088632977198,546.07399747365
1,All Population,5,Prevalence,53590,Misamis Occidental,3,Both,23,5-14 years,626,Musculoskeletal disorders,3,Rate,2015,1037.87590832852,1365.3969770010399,781.4403032455199
1,All Population,5,Prevalence,53562,Romblon,3,Both,23,5-14 years,626,Musculoskeletal disorders,3,Rate,2018,1059.65889649168,1395.78911761685,776.08006072234
1,All Population,5,Prevalence,53562,Romblon,3,Both,23,5-14 years,630,Low back pain,3,Rate,2018,788.4447293404601,1127.74471603637,560.52193920978
1,All Population,5,Prevalence,53570,Camarines Sur,3,Both,23,5-14 years,626,Musculoskeletal disorders,3,Rate,2018,1029.90179623863,1360.9590899602401,756.85104268298
1,All Population,5,Prevalence,53570,Camarines Sur,3,Both,23,5-14 years,630,Low back pain,3,Rate,2018,760.47688003039,1058.50075044286,528.8422536800999
1,All Population,5,Prevalence,53559,Quezon,3,Both,23,5-14 years,630,Low back pain,3,Rate,2018,771.5876172247,1089.0224618141501,536.75748378809
1,All Population,5,Prevalence,53601,Sultan Kudarat,3,Both,23,5-14 years,626,Musculoskeletal disorders,3,Rate,2015,1037.27374449985,1367.05862060228,769.89128596445
1,All Population,5,Prevalence,53601,Sultan Kudarat,3,Both,23,5-14 years,630,Low back pain,3,Rate,2015,772.47907198779,1080.9080826071,545.11370731752
1,All Population,5,Prevalence,53575,Iloilo,3,Both,23,5-14 years,626,Musculoskeletal disorders,3,Rate,2018,1017.97515546317,1355.69406342735,747.0000312444599
1,All Population,5,Prevalence,53609,Tawi-Tawi,3,Both,23,5-14 years,626,Musculoskeletal disorders,3,Rate,2018,1018.21255343852,1350.25480432839,740.65127355032
1,All Population,5,Prevalence,53604,Agusan Del Norte,3,Both,23,5-14 years,626,Musculoskeletal disorders,3,Rate,2016,1022.8032106390899,1344.12255587695,765.1314900480501
1,All Population,5,Prevalence,53604,Agusan Del Norte,3,Both,23,5-14 years,630,Low back pain,3,Rate,2016,763.0613216177001,1066.08480171921,544.17593590178
1,All Population,5,Prevalence,53614,National Capital Region,3,Both,23,5-14 years,626,Musculoskeletal disorders,3,Rate,2016,981.5528849165399,1308.70005683506,712.0048638442
1,All Population,5,Prevalence,53614,National Capital Region,3,Both,23,5-14 years,630,Low back pain,3,Rate,2016,742.86608309713,1034.50751353959,518.36430003609
1,All Population,5,Prevalence,53536,Abra,3,Both,23,5-14 years,626,Musculoskeletal disorders,3,Rate,2018,1053.7846908536499,1382.14653373481,785.65598950598
1,All Population,5,Prevalence,53609,Tawi-Tawi,3,Both,23,5-14 years,630,Low back pain,3,Rate,2018,758.14022485113,1068.79513803992,527.01095846492
1,All Population,5,Prevalence,53549,Zambales,3,Both,23,5-14 years,626,Musculoskeletal disorders,3,Rate,2016,1032.7636253312598,1373.31593673056,767.87661879728
1,All Population,5,Prevalence,53549,Zambales,3,Both,23,5-14 years,630,Low back pain,3,Rate,2016,763.64388846706,1086.50920922668,544.49271684494
1,All Population,5,Prevalence,53610,Basilan,3,Both,23,5-14 years,626,Musculoskeletal disorders,3,Rate,2018,963.0517407507099,1265.36978516985,693.03163365607
1,All Population,5,Prevalence,53557,Laguna,3,Both,23,5-14 years,626,Musculoskeletal disorders,3,Rate,2017,1015.8424215186699,1338.97545572717,759.22485484715
1,All Population,5,Prevalence,53557,Laguna,3,Both,23,5-14 years,630,Low back pain,3,Rate,2017,746.55529509257,1047.50377745348,523.41695433443
1,All Population,5,Prevalence,53561,Oriental Mindoro,3,Both,23,5-14 years,626,Musculoskeletal disorders,3,Rate,2017,1028.62371764268,1348.34082767304,765.30857962167
1,All Population,5,Prevalence,53561,Oriental Mindoro,3,Both,23,5-14 years,630,Low back pain,3,Rate,2017,761.58775101252,1076.5845450121,532.03008612714
1,All Population,5,Prevalence,53607,Surigao Del Norte,3,Both,23,5-14 years,626,Musculoskeletal disorders,3,Rate,2017,1031.15922572321,1342.54313020135,761.19108178086
1,All Population,5,Prevalence,53607,Surigao Del Norte,3,Both,23,5-14 years,630,Low back pain,3,Rate,2017,764.77562036103,1063.0428330795799,543.55139866327
1,All Population,5,Prevalence,53598,Davao Occidental,3,Both,23,5-14 years,630,Low back pain,3,Rate,2018,767.37140680749,1094.3710339592299,536.03159671865
1,All Population,5,Prevalence,53568,Albay,3,Both,23,5-14 years,626,Musculoskeletal disorders,3,Rate,2017,1023.90345151414,1346.14043877456,761.1499871240601
1,All Population,5,Prevalence,53583,Northern Samar,3,Both,23,5-14 years,626,Musculoskeletal disorders,3,Rate,2018,1048.22578027498,1371.2660582756,769.08082894038
1,All Population,5,Prevalence,53583,Northern Samar,3,Both,23,5-14 years,630,Low back pain,3,Rate,2018,782.0793404536299,1095.04088772506,558.26887392332
1,All Population,5,Prevalence,53596,Davao de Oro,3,Both,23,5-14 years,626,Musculoskeletal disorders,3,Rate,2016,1021.218481035,1342.2553049872201,739.65704382689
1,All Population,5,Prevalence,53596,Davao de Oro,3,Both,23,5-14 years,630,Low back pain,3,Rate,2016,770.14831518731,1087.09266607032,539.6100171575999
1,All Population,5,Prevalence,53536,Abra,3,Both,23,5-14 years,630,Low back pain,3,Rate,2017,781.9722907071899,1107.10187170392,552.13739547741
1,All Population,5,Prevalence,53568,Albay,3,Both,23,5-14 years,630,Low back pain,3,Rate,2017,762.5201894742,1062.2097213293698,549.47266210119
1,All Population,5,Prevalence,53597,Davao Del Sur,3,Both,23,5-14 years,626,Musculoskeletal disorders,3,Rate,2018,1033.30401716559,1356.5106835627398,758.63931482413
1,All Population,5,Prevalence,53597,Davao Del Sur,3,Both,23,5-14 years,630,Low back pain,3,Rate,2018,762.66501567395,1080.3814657821,548.60535212661
1,All Population,5,Prevalence,53561,Oriental Mindoro,3,Both,23,5-14 years,626,Musculoskeletal disorders,3,Rate,2019,1046.67351667924,1381.95228175529,777.80507558237
1,All Population,5,Prevalence,53561,Oriental Mindoro,3,Both,23,5-14 years,630,Low back pain,3,Rate,2019,773.81647000466,1097.87651635408,536.34332580307
1,All Population,5,Prevalence,53595,Davao Oriental,3,Both,23,5-14 years,626,Musculoskeletal disorders,3,Rate,2017,1040.15522425962,1380.9136457543,764.74995677959
1,All Population,5,Prevalence,53595,Davao Oriental,3,Both,23,5-14 years,630,Low back pain,3,Rate,2017,782.09232684039,1111.51246552139,554.81080680492
1,All Population,5,Prevalence,53536,Abra,3,Both,23,5-14 years,626,Musculoskeletal disorders,3,Rate,2017,1049.20871970382,1374.56638240379,782.61055998228
1,All Population,5,Prevalence,53572,Aklan,3,Both,23,5-14 years,626,Musculoskeletal disorders,3,Rate,2018,1016.2276397803199,1340.17573181221,760.4402765914
1,All Population,5,Prevalence,53572,Aklan,3,Both,23,5-14 years,630,Low back pain,3,Rate,2018,758.80412764501,1075.8381434820099,543.7150572908699
1,All Population,5,Prevalence,53550,Tarlac,3,Both,23,5-14 years,626,Musculoskeletal disorders,3,Rate,2018,1024.0285802444,1345.0448146594,747.78400928102
1,All Population,5,Prevalence,53550,Tarlac,3,Both,23,5-14 years,630,Low back pain,3,Rate,2018,752.4726901791701,1070.8631713723,529.7649402644
1,All Population,5,Prevalence,53608,Dinagat Islands,3,Both,23,5-14 years,626,Musculoskeletal disorders,3,Rate,2019,1036.78825501814,1375.60090100861,767.81956195878
1,All Population,5,Prevalence,53608,Dinagat Islands,3,Both,23,5-14 years,630,Low back pain,3,Rate,2019,766.6731623647901,1073.48105934117,543.06194849344
1,All Population,5,Prevalence,53610,Basilan,3,Both,23,5-14 years,630,Low back pain,3,Rate,2018,741.98700234105,1023.5953655813901,521.1612135039201
1,All Population,5,Prevalence,53594,Camiguin,3,Both,23,5-14 years,626,Musculoskeletal disorders,3,Rate,2017,1001.56823104287,1316.58741888392,736.94012178445
1,All Population,5,Prevalence,53594,Camiguin,3,Both,23,5-14 years,630,Low back pain,3,Rate,2017,753.5328175263301,1072.27577594264,529.88269551121
1,All Population,5,Prevalence,53551,Pampanga,3,Both,23,5-14 years,626,Musculoskeletal disorders,3,Rate,2018,1033.2446337183999,1372.78543108424,766.5904342978299
1,All Population,5,Prevalence,53551,Pampanga,3,Both,23,5-14 years,630,Low back pain,3,Rate,2018,756.4883081079399,1066.01903975029,536.9698611843
1,All Population,5,Prevalence,53551,Pampanga,3,Both,23,5-14 years,626,Musculoskeletal disorders,3,Rate,2017,1033.74686767551,1372.80409583849,765.11105418101
1,All Population,5,Prevalence,53551,Pampanga,3,Both,23,5-14 years,630,Low back pain,3,Rate,2017,757.12166300534,1066.03249523695,535.8406147483
1,All Population,5,Prevalence,53577,Negros Oriental,3,Both,23,5-14 years,626,Musculoskeletal disorders,3,Rate,2018,1027.63233374583,1354.18175613233,772.3388221755499
1,All Population,5,Prevalence,53577,Negros Oriental,3,Both,23,5-14 years,630,Low back pain,3,Rate,2018,770.64604719178,1104.692449901,543.7480484473
1,All Population,5,Prevalence,53609,Tawi-Tawi,3,Both,23,5-14 years,626,Musculoskeletal disorders,3,Rate,2017,1022.71814747489,1354.2770838854299,744.64928182721
1,All Population,5,Prevalence,53564,Marinduque,3,Both,23,5-14 years,626,Musculoskeletal disorders,3,Rate,2018,1060.84678053175,1398.72785999102,788.73527580814
1,All Population,5,Prevalence,53564,Marinduque,3,Both,23,5-14 years,630,Low back pain,3,Rate,2018,782.6485317171399,1109.64867302837,558.82868184448
1,All Population,5,Prevalence,53609,Tawi-Tawi,3,Both,23,5-14 years,630,Low back pain,3,Rate,2017,761.50921258198,1078.0572603535,535.06312754148
1,All Population,5,Prevalence,53561,Oriental Mindoro,3,Both,23,5-14 years,626,Musculoskeletal disorders,3,Rate,2018,1035.36070547832,1368.29946439342,770.02057769568
1,All Population,5,Prevalence,53561,Oriental Mindoro,3,Both,23,5-14 years,630,Low back pain,3,Rate,2018,766.0181378298099,1085.93527781639,536.69282093754
1,All Population,5,Prevalence,53550,Tarlac,3,Both,23,5-14 years,626,Musculoskeletal disorders,3,Rate,2019,1032.19557082816,1359.17890770178,753.35342435294
1,All Population,5,Prevalence,53550,Tarlac,3,Both,23,5-14 years,630,Low back pain,3,Rate,2019,758.23246775172,1088.81428226816,533.33489401038
1,All Population,5,Prevalence,53585,Leyte,3,Both,23,5-14 years,626,Musculoskeletal disorders,3,Rate,2018,1028.66147131427,1330.28741186637,753.62130850007
1,All Population,5,Prevalence,53585,Leyte,3,Both,23,5-14 years,630,Low back pain,3,Rate,2018,766.17315896491,1057.24959545162,540.4182242867599
1,All Population,5,Prevalence,53611,Sulu,3,Both,23,5-14 years,626,Musculoskeletal disorders,3,Rate,2018,1014.7193550584299,1335.17537772565,747.36800711312
1,All Population,5,Prevalence,53611,Sulu,3,Both,23,5-14 years,630,Low back pain,3,Rate,2018,769.0231734156299,1077.95953930641,538.5997401028
1,All Population,5,Prevalence,53562,Romblon,3,Both,23,5-14 years,626,Musculoskeletal disorders,3,Rate,2017,1050.07172651682,1373.37067769545,769.7551544701901
1,All Population,5,Prevalence,53562,Romblon,3,Both,23,5-14 years,630,Low back pain,3,Rate,2017,781.48530518935,1099.20845653246,551.09273111425
1,All Population,5,Prevalence,53583,Northern Samar,3,Both,23,5-14 years,626,Musculoskeletal disorders,3,Rate,2017,1051.68586036536,1371.41615107688,774.8070164492
1,All Population,5,Prevalence,53583,Northern Samar,3,Both,23,5-14 years,630,Low back pain,3,Rate,2017,784.54407744329,1098.6517386031,564.37694898735
1,All Population,5,Prevalence,53574,Negros Occidental,3,Both,23,5-14 years,626,Musculoskeletal disorders,3,Rate,2018,1031.06954412078,1345.68444195947,767.57287445319
1,All Population,5,Prevalence,53559,Quezon,3,Both,23,5-14 years,630,Low back pain,3,Rate,2017,770.35845751335,1080.67762676717,537.22097114369
1,All Population,5,Prevalence,53596,Davao de Oro,3,Both,23,5-14 years,626,Musculoskeletal disorders,3,Rate,2017,1020.47423632886,1342.9435595076,747.40976061923
1,All Population,5,Prevalence,53596,Davao de Oro,3,Both,23,5-14 years,630,Low back pain,3,Rate,2017,769.20482683638,1085.4832212732001,540.64580434986
1,All Population,5,Prevalence,53574,Negros Occidental,3,Both,23,5-14 years,630,Low back pain,3,Rate,2018,762.6055648476399,1062.61720761033,552.9669495247
1,All Population,5,Prevalence,53570,Camarines Sur,3,Both,23,5-14 years,626,Musculoskeletal disorders,3,Rate,2017,1031.8897944995201,1362.79226789849,756.98225495729
1,All Population,5,Prevalence,53570,Camarines Sur,3,Both,23,5-14 years,630,Low back pain,3,Rate,2017,762.1365532214601,1070.18331519703,530.73117425805
1,All Population,5,Prevalence,53566,Camarines Norte,3,Both,23,5-14 years,626,Musculoskeletal disorders,3,Rate,2018,1014.5326397092,1346.30885423511,758.10602854433
1,All Population,5,Prevalence,53566,Camarines Norte,3,Both,23,5-14 years,630,Low back pain,3,Rate,2018,762.04388063131,1086.53757097168,529.0000629095699
1,All Population,5,Prevalence,53538,Kalinga,3,Both,23,5-14 years,626,Musculoskeletal disorders,3,Rate,2018,1048.15015480081,1384.2998503122299,771.32580991441
1,All Population,5,Prevalence,53538,Kalinga,3,Both,23,5-14 years,630,Low back pain,3,Rate,2018,781.31126986377,1108.38635832942,549.82713256387
1,All Population,5,Prevalence,53575,Iloilo,3,Both,23,5-14 years,626,Musculoskeletal disorders,3,Rate,2017,1016.95953803464,1349.80650193067,751.36189171271
1,All Population,5,Prevalence,53611,Sulu,3,Both,23,5-14 years,626,Musculoskeletal disorders,3,Rate,2017,1005.43672929786,1323.15046283341,732.76371433637
1,All Population,5,Prevalence,53611,Sulu,3,Both,23,5-14 years,630,Low back pain,3,Rate,2017,765.3957723821201,1074.80322161099,541.53007773972
1,All Population,5,Prevalence,53610,Basilan,3,Both,23,5-14 years,626,Musculoskeletal disorders,3,Rate,2019,969.48501124795,1282.4993956645299,701.72212525617
1,All Population,5,Prevalence,53597,Davao Del Sur,3,Both,23,5-14 years,626,Musculoskeletal disorders,3,Rate,2019,1039.64561463831,1361.41847084044,761.18277866518
1,All Population,5,Prevalence,53597,Davao Del Sur,3,Both,23,5-14 years,630,Low back pain,3,Rate,2019,766.60128171859,1086.13355287466,552.78492916018
1,All Population,5,Prevalence,53538,Kalinga,3,Both,23,5-14 years,626,Musculoskeletal disorders,3,Rate,2017,1044.53964105629,1383.6135510056602,780.18036828601
1,All Population,5,Prevalence,53538,Kalinga,3,Both,23,5-14 years,630,Low back pain,3,Rate,2017,778.6741261460301,1111.25198275097,549.54877917901
1,All Population,5,Prevalence,53587,Zamboanga Sibugay,3,Both,23,5-14 years,626,Musculoskeletal disorders,3,Rate,2018,1026.44147523451,1343.33957892024,758.66636401357
1,All Population,5,Prevalence,53587,Zamboanga Sibugay,3,Both,23,5-14 years,630,Low back pain,3,Rate,2018,762.7531338857,1068.29556986177,541.51748550202
1,All Population,5,Prevalence,53540,Ilocos Norte,3,Both,23,5-14 years,626,Musculoskeletal disorders,3,Rate,2018,1055.9512260418498,1400.62366698608,777.33465228223
1,All Population,5,Prevalence,53550,Tarlac,3,Both,23,5-14 years,626,Musculoskeletal disorders,3,Rate,2017,1019.42315285928,1346.43733854785,748.72491113504
1,All Population,5,Prevalence,53550,Tarlac,3,Both,23,5-14 years,630,Low back pain,3,Rate,2017,749.31107975572,1068.77060488498,529.3897542001499
1,All Population,5,Prevalence,53576,Guimaras,3,Both,23,5-14 years,626,Musculoskeletal disorders,3,Rate,2018,1041.8512667292,1365.76899375498,784.13647655879
1,All Population,5,Prevalence,53598,Davao Occidental,3,Both,23,5-14 years,626,Musculoskeletal disorders,3,Rate,2018,1020.79326288332,1345.20314380775,745.90694556072
1,All Population,5,Prevalence,53585,Leyte,3,Both,23,5-14 years,626,Musculoskeletal disorders,3,Rate,2017,1026.28427566461,1332.25931360422,750.9148051449699
1,All Population,5,Prevalence,53585,Leyte,3,Both,23,5-14 years,630,Low back pain,3,Rate,2017,764.22943819814,1070.01947500959,534.39849384427
1,All Population,5,Prevalence,53564,Marinduque,3,Both,23,5-14 years,626,Musculoskeletal disorders,3,Rate,2017,1054.6415263682,1379.74317961022,791.7580697858899
1,All Population,5,Prevalence,53564,Marinduque,3,Both,23,5-14 years,630,Low back pain,3,Rate,2017,778.02702629926,1093.61908798129,557.0669236737
1,All Population,5,Prevalence,53540,Ilocos Norte,3,Both,23,5-14 years,630,Low back pain,3,Rate,2018,785.4797999614,1086.5568361477601,550.52670836142
1,All Population,5,Prevalence,53563,Palawan,3,Both,23,5-14 years,626,Musculoskeletal disorders,3,Rate,2019,1052.77563617425,1386.44158381829,783.0102308275201
1,All Population,5,Prevalence,53563,Palawan,3,Both,23,5-14 years,630,Low back pain,3,Rate,2019,782.2827882508401,1079.07458975799,554.6680529081001
1,All Population,5,Prevalence,53598,Davao Occidental,3,Both,23,5-14 years,630,Low back pain,3,Rate,2017,764.7653017835,1088.84899844624,530.0917190844
1,All Population,5,Prevalence,53612,Maguindanao,3,Both,23,5-14 years,626,Musculoskeletal disorders,3,Rate,2018,994.5839525627,1300.71715391373,740.64246810727
1,All Population,5,Prevalence,53612,Maguindanao,3,Both,23,5-14 years,630,Low back pain,3,Rate,2018,746.47008490258,1047.33088581678,532.27302744366
1,All Population,5,Prevalence,53538,Kalinga,3,Both,23,5-14 years,626,Musculoskeletal disorders,3,Rate,2019,1055.23216636791,1395.76833432107,768.78446964124
1,All Population,5,Prevalence,53538,Kalinga,3,Both,23,5-14 years,630,Low back pain,3,Rate,2019,786.4544301043601,1104.4759739355,547.94620646993
1,All Population,5,Prevalence,53579,Bohol,3,Both,23,5-14 years,626,Musculoskeletal disorders,3,Rate,2018,1042.0166479940099,1362.22437561302,770.84380175928
1,All Population,5,Prevalence,53579,Bohol,3,Both,23,5-14 years,630,Low back pain,3,Rate,2018,773.50673620192,1072.57981265572,543.5720583868999
1,All Population,5,Prevalence,53590,Misamis Occidental,3,Both,23,5-14 years,630,Low back pain,3,Rate,2014,772.11489631632,1106.80652828289,549.69897734495
1,All Population,5,Prevalence,53585,Leyte,3,Both,23,5-14 years,626,Musculoskeletal disorders,3,Rate,2019,1032.21553181941,1342.98462943524,756.6631023087
1,All Population,5,Prevalence,53585,Leyte,3,Both,23,5-14 years,630,Low back pain,3,Rate,2019,768.96063229721,1057.42146936482,546.08990647148
1,All Population,5,Prevalence,53574,Negros Occidental,3,Both,23,5-14 years,626,Musculoskeletal disorders,3,Rate,2019,1037.1269462175999,1358.40630680218,764.1306402826
1,All Population,5,Prevalence,53572,Aklan,3,Both,23,5-14 years,626,Musculoskeletal disorders,3,Rate,2017,1010.3297681215901,1329.5075158608101,751.3899829437199
1,All Population,5,Prevalence,53572,Aklan,3,Both,23,5-14 years,630,Low back pain,3,Rate,2017,753.2763908836799,1067.11884478143,539.54363431978
1,All Population,5,Prevalence,53552,Bulacan,3,Both,23,5-14 years,630,Low back pain,3,Rate,2019,751.8725316382499,1046.11244899528,524.89771790923
1,All Population,5,Prevalence,53574,Negros Occidental,3,Both,23,5-14 years,630,Low back pain,3,Rate,2019,767.09197481138,1061.9849620076,556.3629122106499
1,All Population,5,Prevalence,53577,Negros Oriental,3,Both,23,5-14 years,626,Musculoskeletal disorders,3,Rate,2017,1028.8471497871199,1354.03870326773,773.55511672747
1,All Population,5,Prevalence,53577,Negros Oriental,3,Both,23,5-14 years,630,Low back pain,3,Rate,2017,771.80852426645,1107.30904931188,547.6409346218301
1,All Population,5,Prevalence,53556,Cavite,3,Both,23,5-14 years,626,Musculoskeletal disorders,3,Rate,2016,1016.88995185663,1340.62170812183,752.68955039736
1,All Population,5,Prevalence,53556,Cavite,3,Both,23,5-14 years,630,Low back pain,3,Rate,2016,745.10663730815,1055.21027692558,526.03626659944
1,All Population,5,Prevalence,53556,Cavite,3,Both,23,5-14 years,626,Musculoskeletal disorders,3,Rate,2015,1022.32986142367,1358.3525160208999,759.10920640757
1,All Population,5,Prevalence,53556,Cavite,3,Both,23,5-14 years,630,Low back pain,3,Rate,2015,749.3630800206399,1054.87203491533,527.32379597946
1,All Population,5,Prevalence,53613,Lanao Del Sur,3,Both,23,5-14 years,630,Low back pain,3,Rate,2018,765.22048174752,1072.87508840546,537.16454385702
1,All Population,5,Prevalence,53603,Sarangani,3,Both,23,5-14 years,626,Musculoskeletal disorders,3,Rate,2016,1034.41210222089,1355.12639993771,767.8513077531001
1,All Population,5,Prevalence,53603,Sarangani,3,Both,23,5-14 years,630,Low back pain,3,Rate,2016,774.9025144929,1096.82849813492,549.00066124141
1,All Population,5,Prevalence,53610,Basilan,3,Both,23,5-14 years,630,Low back pain,3,Rate,2019,744.13651667458,1026.01125727518,519.4390289258599
1,All Population,5,Prevalence,53565,Catanduanes,3,Both,23,5-14 years,626,Musculoskeletal disorders,3,Rate,2019,1022.0395474240199,1369.88545590678,734.90612945592
1,All Population,5,Prevalence,53565,Catanduanes,3,Both,23,5-14 years,630,Low back pain,3,Rate,2019,773.1541935471,1082.71456936646,540.31461245611
1,All Population,5,Prevalence,53590,Misamis Occidental,3,Both,23,5-14 years,626,Musculoskeletal disorders,3,Rate,2018,1037.2587814751,1354.75098619167,771.47792619
1,All Population,5,Prevalence,53552,Bulacan,3,Both,23,5-14 years,630,Low back pain,3,Rate,2018,747.31915796474,1046.4573122424,521.78897778378
1,All Population,5,Prevalence,53597,Davao Del Sur,3,Both,23,5-14 years,626,Musculoskeletal disorders,3,Rate,2017,1029.24550554493,1352.47095713366,760.8749570119701
1,All Population,5,Prevalence,53597,Davao Del Sur,3,Both,23,5-14 years,630,Low back pain,3,Rate,2017,760.52759606035,1086.82625486915,538.20516008204
1,All Population,5,Prevalence,53576,Guimaras,3,Both,23,5-14 years,630,Low back pain,3,Rate,2018,772.63558041795,1089.0881513859301,557.05307412565
1,All Population,5,Prevalence,53544,Cagayan,3,Both,23,5-14 years,626,Musculoskeletal disorders,3,Rate,2020,1033.91547708854,1363.1236564106,770.11374832334
1,All Population,5,Prevalence,53603,Sarangani,3,Both,23,5-14 years,626,Musculoskeletal disorders,3,Rate,2015,1037.9656042184602,1366.76346578401,768.01601010936
1,All Population,5,Prevalence,53603,Sarangani,3,Both,23,5-14 years,630,Low back pain,3,Rate,2015,778.07868334166,1110.53645765212,548.22617043016
1,All Population,5,Prevalence,53582,Eastern Samar,3,Both,23,5-14 years,626,Musculoskeletal disorders,3,Rate,2016,1064.07580123069,1397.9943052579,799.0475657212
1,All Population,5,Prevalence,53613,Lanao Del Sur,3,Both,23,5-14 years,630,Low back pain,3,Rate,2017,759.25894028724,1054.6539588003,534.80133754858
1,All Population,5,Prevalence,53590,Misamis Occidental,3,Both,23,5-14 years,626,Musculoskeletal disorders,3,Rate,2017,1034.77116578513,1357.62307616413,773.35651753817
1,All Population,5,Prevalence,53566,Camarines Norte,3,Both,23,5-14 years,626,Musculoskeletal disorders,3,Rate,2017,1016.8942786277099,1344.46967575179,757.09234659009
1,All Population,5,Prevalence,53566,Camarines Norte,3,Both,23,5-14 years,630,Low back pain,3,Rate,2017,761.37793443958,1069.70407939896,525.36098969452
1,All Population,5,Prevalence,53545,Isabela,3,Both,23,5-14 years,626,Musculoskeletal disorders,3,Rate,2018,1024.35913450724,1355.79692536941,758.5339933346401
1,All Population,5,Prevalence,53545,Isabela,3,Both,23,5-14 years,630,Low back pain,3,Rate,2018,766.75326831374,1097.29308134567,546.95816102643
1,All Population,5,Prevalence,53589,Zamboanga Del Sur,3,Both,23,5-14 years,626,Musculoskeletal disorders,3,Rate,2018,1024.73906140347,1336.71456568865,754.03422555397
1,All Population,5,Prevalence,53589,Zamboanga Del Sur,3,Both,23,5-14 years,630,Low back pain,3,Rate,2018,760.4588076775,1066.07237842255,540.1452987974
1,All Population,5,Prevalence,53591,Bukidnon,3,Both,23,5-14 years,626,Musculoskeletal disorders,3,Rate,2020,1014.7762332894999,1345.27121248176,768.570576072
1,All Population,5,Prevalence,53591,Bukidnon,3,Both,23,5-14 years,630,Low back pain,3,Rate,2020,762.74065512275,1061.0758995139602,546.78660606473
1,All Population,5,Prevalence,53537,Apayao,3,Both,23,5-14 years,626,Musculoskeletal disorders,3,Rate,2017,1052.48218158342,1381.56995468232,782.4868485921601
1,All Population,5,Prevalence,53537,Apayao,3,Both,23,5-14 years,630,Low back pain,3,Rate,2017,787.0401721504401,1120.96042053945,563.14434611798
1,All Population,5,Prevalence,53563,Palawan,3,Both,23,5-14 years,626,Musculoskeletal disorders,3,Rate,2018,1046.36446450127,1385.96032493333,785.3701401188899
1,All Population,5,Prevalence,53563,Palawan,3,Both,23,5-14 years,630,Low back pain,3,Rate,2018,777.95261537922,1089.25128953952,552.52247638453
1,All Population,5,Prevalence,53537,Apayao,3,Both,23,5-14 years,626,Musculoskeletal disorders,3,Rate,2016,1049.47188339692,1399.81087605081,777.20843671637
1,All Population,5,Prevalence,53537,Apayao,3,Both,23,5-14 years,630,Low back pain,3,Rate,2016,783.93206639759,1114.99487061741,561.60422415888
1,All Population,5,Prevalence,53579,Bohol,3,Both,23,5-14 years,626,Musculoskeletal disorders,3,Rate,2017,1042.96884072218,1373.99372267901,763.79902740976
1,All Population,5,Prevalence,53579,Bohol,3,Both,23,5-14 years,630,Low back pain,3,Rate,2017,774.8783899193,1088.4208954256799,540.0589911770401
1,All Population,5,Prevalence,53569,Masbate,3,Both,23,5-14 years,626,Musculoskeletal disorders,3,Rate,2016,1043.1141734394398,1371.41424453005,769.60879361612
1,All Population,5,Prevalence,53569,Masbate,3,Both,23,5-14 years,630,Low back pain,3,Rate,2016,779.0758228864399,1107.8273562678899,549.56084985376
1,All Population,5,Prevalence,53612,Maguindanao,3,Both,23,5-14 years,626,Musculoskeletal disorders,3,Rate,2019,992.92732006464,1303.83000500246,730.30716743086
1,All Population,5,Prevalence,53612,Maguindanao,3,Both,23,5-14 years,630,Low back pain,3,Rate,2019,745.03744868154,1038.59214734905,527.69549114874
1,All Population,5,Prevalence,53576,Guimaras,3,Both,23,5-14 years,626,Musculoskeletal disorders,3,Rate,2019,1047.59147365488,1364.65206811946,793.671424938
1,All Population,5,Prevalence,53584,Samar (Western Samar),3,Both,23,5-14 years,626,Musculoskeletal disorders,3,Rate,2017,1058.87294084097,1376.91715657084,790.78214050725
1,All Population,5,Prevalence,53584,Samar (Western Samar),3,Both,23,5-14 years,630,Low back pain,3,Rate,2017,789.63942657606,1112.39796640452,559.16151721896
1,All Population,5,Prevalence,53576,Guimaras,3,Both,23,5-14 years,630,Low back pain,3,Rate,2019,776.60176721114,1085.1352063972201,557.918092919
1,All Population,5,Prevalence,53567,Sorsogon,3,Both,23,5-14 years,630,Low back pain,3,Rate,2020,764.1489472061099,1061.54973642001,533.38870196175
1,All Population,5,Prevalence,53578,Cebu,3,Both,23,5-14 years,626,Musculoskeletal disorders,3,Rate,2018,1012.40608084228,1344.5120903864602,747.1847892444499
1,All Population,5,Prevalence,53578,Cebu,3,Both,23,5-14 years,630,Low back pain,3,Rate,2018,742.96935953056,1060.82231814829,523.45878490875
1,All Population,5,Prevalence,53605,Agusan Del Sur,3,Both,23,5-14 years,626,Musculoskeletal disorders,3,Rate,2018,1023.52991167081,1339.79071333848,760.55562235714
1,All Population,5,Prevalence,53534,Ifugao,3,Both,23,5-14 years,626,Musculoskeletal disorders,3,Rate,2018,1059.94098282505,1386.4245585552499,785.77920256989
1,All Population,5,Prevalence,53534,Ifugao,3,Both,23,5-14 years,630,Low back pain,3,Rate,2018,792.9553457518199,1110.93100720136,565.00124298682
1,All Population,5,Prevalence,53581,Southern Leyte,3,Both,23,5-14 years,626,Musculoskeletal disorders,3,Rate,2018,1016.64879983924,1344.32457975886,745.26900264256
1,All Population,5,Prevalence,53581,Southern Leyte,3,Both,23,5-14 years,630,Low back pain,3,Rate,2018,781.13441478794,1094.21331934307,553.05997216248
1,All Population,5,Prevalence,53567,Sorsogon,3,Both,23,5-14 years,630,Low back pain,3,Rate,2019,766.11021112567,1046.81549195851,535.12213906404
1,All Population,5,Prevalence,53580,Siquijor,3,Both,23,5-14 years,626,Musculoskeletal disorders,3,Rate,2020,1071.8155135695602,1411.18109851278,781.65082789277
1,All Population,5,Prevalence,53580,Siquijor,3,Both,23,5-14 years,630,Low back pain,3,Rate,2020,792.69796474974,1094.48315994787,562.14050824659
1,All Population,5,Prevalence,53540,Ilocos Norte,3,Both,23,5-14 years,626,Musculoskeletal disorders,3,Rate,2019,1063.84728345544,1409.6879893493401,788.61045319775
1,All Population,5,Prevalence,53533,Mountain Province,3,Both,23,5-14 years,626,Musculoskeletal disorders,3,Rate,2020,1045.75221091556,1396.7111009795399,770.78280953944
1,All Population,5,Prevalence,53592,Lanao Del Norte,3,Both,23,5-14 years,626,Musculoskeletal disorders,3,Rate,2018,1018.0647042726299,1351.6008691094298,753.88978902494
1,All Population,5,Prevalence,53592,Lanao Del Norte,3,Both,23,5-14 years,630,Low back pain,3,Rate,2018,756.91146348517,1060.7289899345901,537.27152758986
1,All Population,5,Prevalence,53540,Ilocos Norte,3,Both,23,5-14 years,630,Low back pain,3,Rate,2019,792.7336007501701,1098.94592711219,553.71971222588
1,All Population,5,Prevalence,53546,Quirino,3,Both,23,5-14 years,626,Musculoskeletal disorders,3,Rate,2020,1075.25612426622,1402.940019692,800.65892371368
1,All Population,5,Prevalence,53546,Quirino,3,Both,23,5-14 years,630,Low back pain,3,Rate,2020,791.7606328620401,1111.7328755911499,562.0336126099199
1,All Population,5,Prevalence,53553,Nueva Ecija,3,Both,23,5-14 years,626,Musculoskeletal disorders,3,Rate,2018,1035.10459479328,1350.84866620047,768.75185409655
1,All Population,5,Prevalence,53553,Nueva Ecija,3,Both,23,5-14 years,630,Low back pain,3,Rate,2018,763.76176603601,1076.2319188076199,544.20790778847
1,All Population,5,Prevalence,53579,Bohol,3,Both,23,5-14 years,626,Musculoskeletal disorders,3,Rate,2019,1043.80274851255,1362.85839777878,774.43835559244
1,All Population,5,Prevalence,53579,Bohol,3,Both,23,5-14 years,630,Low back pain,3,Rate,2019,774.24162572465,1069.05672017646,548.60829126675
1,All Population,5,Prevalence,53555,Rizal,3,Both,23,5-14 years,626,Musculoskeletal disorders,3,Rate,2020,1026.0706139824201,1332.22510067559,755.2769390995301
1,All Population,5,Prevalence,53555,Rizal,3,Both,23,5-14 years,630,Low back pain,3,Rate,2020,750.0947573552199,1040.43892569407,527.19418591284
1,All Population,5,Prevalence,53553,Nueva Ecija,3,Both,23,5-14 years,626,Musculoskeletal disorders,3,Rate,2019,1039.06484628008,1359.6023591363598,770.04790303102
1,All Population,5,Prevalence,53553,Nueva Ecija,3,Both,23,5-14 years,630,Low back pain,3,Rate,2019,766.33341198323,1066.92133911097,548.4808785315299
1,All Population,5,Prevalence,53571,Capiz,3,Both,23,5-14 years,626,Musculoskeletal disorders,3,Rate,2015,1048.26083297521,1392.25516647048,783.03808704259
1,All Population,5,Prevalence,53571,Capiz,3,Both,23,5-14 years,630,Low back pain,3,Rate,2015,778.6516389257799,1091.8261393550601,552.10877326895
1,All Population,5,Prevalence,53605,Agusan Del Sur,3,Both,23,5-14 years,630,Low back pain,3,Rate,2016,765.7607911666,1077.3211513355,545.5689728359
1,All Population,5,Prevalence,53600,South Cotabato,3,Both,23,5-14 years,626,Musculoskeletal disorders,3,Rate,2018,1029.8223373589901,1373.70510749727,771.0354084716801
1,All Population,5,Prevalence,53600,South Cotabato,3,Both,23,5-14 years,630,Low back pain,3,Rate,2018,761.59583974412,1070.2346741766,540.64959617998
1,All Population,5,Prevalence,53613,Lanao Del Sur,3,Both,23,5-14 years,626,Musculoskeletal disorders,3,Rate,2018,1025.18102915863,1341.51907142103,759.22989494753
1,All Population,5,Prevalence,53598,Davao Occidental,3,Both,23,5-14 years,626,Musculoskeletal disorders,3,Rate,2019,1028.45237763997,1357.90402584943,752.3506718610699
1,All Population,5,Prevalence,53587,Zamboanga Sibugay,3,Both,23,5-14 years,626,Musculoskeletal disorders,3,Rate,2019,1033.03356678161,1359.2078742236001,763.40559306004
1,All Population,5,Prevalence,53587,Zamboanga Sibugay,3,Both,23,5-14 years,630,Low back pain,3,Rate,2019,766.8625996248,1070.7133750656499,544.83336866504
1,All Population,5,Prevalence,53539,La Union,3,Both,23,5-14 years,626,Musculoskeletal disorders,3,Rate,2017,1034.77226054296,1358.86684766616,774.85670837436
1,All Population,5,Prevalence,53573,Antique,3,Both,23,5-14 years,626,Musculoskeletal disorders,3,Rate,2017,1021.0924660168799,1346.0448503437399,743.46950247302
1,All Population,5,Prevalence,53573,Antique,3,Both,23,5-14 years,630,Low back pain,3,Rate,2017,760.66550240779,1048.26742228967,529.58947184001
1,All Population,5,Prevalence,53558,Batangas,3,Both,23,5-14 years,626,Musculoskeletal disorders,3,Rate,2015,1019.2924813403101,1363.30451274918,743.96098329853
1,All Population,5,Prevalence,53558,Batangas,3,Both,23,5-14 years,630,Low back pain,3,Rate,2015,748.08924996232,1066.34097992016,519.6439499640001
1,All Population,5,Prevalence,53602,Cotabato (North Cotabato),3,Both,23,5-14 years,626,Musculoskeletal disorders,3,Rate,2020,1040.64446946123,1376.67629908933,760.81566753987
1,All Population,5,Prevalence,53533,Mountain Province,3,Both,23,5-14 years,630,Low back pain,3,Rate,2020,800.96482239815,1149.81300693109,569.40976634364
1,All Population,5,Prevalence,53593,Misamis Oriental,3,Both,23,5-14 years,626,Musculoskeletal disorders,3,Rate,2020,1017.72150222262,1348.64997643366,737.4526034089499
1,All Population,5,Prevalence,53593,Misamis Oriental,3,Both,23,5-14 years,630,Low back pain,3,Rate,2020,757.6496668338,1055.0340671660301,525.57786424688
1,All Population,5,Prevalence,53544,Cagayan,3,Both,23,5-14 years,630,Low back pain,3,Rate,2020,782.1094422619,1096.24498844152,551.81832564219
1,All Population,5,Prevalence,53574,Negros Occidental,3,Both,23,5-14 years,626,Musculoskeletal disorders,3,Rate,2017,1027.3126124463502,1340.64901251779,764.15736171734
1,All Population,5,Prevalence,53536,Abra,3,Both,23,5-14 years,630,Low back pain,3,Rate,2018,786.28894334218,1095.43556594143,555.10060894783
1,All Population,5,Prevalence,53559,Quezon,3,Both,23,5-14 years,626,Musculoskeletal disorders,3,Rate,2020,1056.96526784968,1384.70537783404,771.9721092014701
1,All Population,5,Prevalence,53549,Zambales,3,Both,23,5-14 years,626,Musculoskeletal disorders,3,Rate,2020,1058.22427824615,1397.72973864915,788.0145880788199
1,All Population,5,Prevalence,53549,Zambales,3,Both,23,5-14 years,630,Low back pain,3,Rate,2020,781.54968838255,1098.53088915383,553.22001369266
1,All Population,5,Prevalence,53565,Catanduanes,3,Both,23,5-14 years,626,Musculoskeletal disorders,3,Rate,2018,1020.48561797119,1365.07941215331,736.3504197252499
1,All Population,5,Prevalence,53565,Catanduanes,3,Both,23,5-14 years,630,Low back pain,3,Rate,2018,769.8273052355099,1072.51659922949,536.44107026109
1,All Population,5,Prevalence,53602,Cotabato (North Cotabato),3,Both,23,5-14 years,630,Low back pain,3,Rate,2020,773.20590535776,1096.94310437844,545.7087660072799
1,All Population,5,Prevalence,53560,Occidental Mindoro,3,Both,23,5-14 years,626,Musculoskeletal disorders,3,Rate,2018,1044.39737142218,1372.03843617382,764.44768110781
1,All Population,5,Prevalence,53560,Occidental Mindoro,3,Both,23,5-14 years,630,Low back pain,3,Rate,2018,773.62144707246,1089.14267379074,548.46313216159
1,All Population,5,Prevalence,53574,Negros Occidental,3,Both,23,5-14 years,630,Low back pain,3,Rate,2017,759.77986241828,1063.62003872667,548.95624479624
1,All Population,5,Prevalence,53555,Rizal,3,Both,23,5-14 years,626,Musculoskeletal disorders,3,Rate,2018,1018.0723341408,1331.60319196476,754.1770058839
1,All Population,5,Prevalence,53555,Rizal,3,Both,23,5-14 years,630,Low back pain,3,Rate,2018,745.18451442922,1046.9119351255702,521.3163625691401
1,All Population,5,Prevalence,53545,Isabela,3,Both,23,5-14 years,626,Musculoskeletal disorders,3,Rate,2019,1032.14646364484,1365.03431517666,761.46612400402
1,All Population,5,Prevalence,53545,Isabela,3,Both,23,5-14 years,630,Low back pain,3,Rate,2019,774.86750061099,1094.3589154859899,556.1106494042
1,All Population,5,Prevalence,53561,Oriental Mindoro,3,Both,23,5-14 years,626,Musculoskeletal disorders,3,Rate,2021,1069.0773786034301,1381.71843995719,787.37053783538
1,All Population,5,Prevalence,53561,Oriental Mindoro,3,Both,23,5-14 years,630,Low back pain,3,Rate,2021,790.2138923505701,1098.23106258757,558.31638902661
1,All Population,5,Prevalence,53607,Surigao Del Norte,3,Both,23,5-14 years,626,Musculoskeletal disorders,3,Rate,2018,1031.0199197070601,1339.14405118116,757.73917740223
1,All Population,5,Prevalence,53607,Surigao Del Norte,3,Both,23,5-14 years,630,Low back pain,3,Rate,2018,763.2414273076699,1066.81664834554,543.4241585013
1,All Population,5,Prevalence,53542,Pangasinan,3,Both,23,5-14 years,626,Musculoskeletal disorders,3,Rate,2018,1022.6639449021699,1339.50677919525,753.23375147538
1,All Population,5,Prevalence,53542,Pangasinan,3,Both,23,5-14 years,630,Low back pain,3,Rate,2018,752.29526669223,1064.61978703003,527.52817925839
1,All Population,5,Prevalence,53542,Pangasinan,3,Both,23,5-14 years,626,Musculoskeletal disorders,3,Rate,2019,1026.20967161883,1344.83150743182,757.50530448579
1,All Population,5,Prevalence,53542,Pangasinan,3,Both,23,5-14 years,630,Low back pain,3,Rate,2019,754.67134531058,1062.95723441033,527.32240380417
1,All Population,5,Prevalence,53547,Batanes,3,Both,23,5-14 years,626,Musculoskeletal disorders,3,Rate,2018,1077.7404883414201,1415.1061473698098,780.80008897455
1,All Population,5,Prevalence,53595,Davao Oriental,3,Both,23,5-14 years,626,Musculoskeletal disorders,3,Rate,2020,1061.4037059905,1425.51775654115,794.9202750301001
1,All Population,5,Prevalence,53595,Davao Oriental,3,Both,23,5-14 years,630,Low back pain,3,Rate,2020,796.6394521448801,1131.60268221589,563.5033586493
1,All Population,5,Prevalence,53594,Camiguin,3,Both,23,5-14 years,626,Musculoskeletal disorders,3,Rate,2018,1012.14649161292,1331.77654281203,741.99315257029
1,All Population,5,Prevalence,53594,Camiguin,3,Both,23,5-14 years,630,Low back pain,3,Rate,2018,753.0050518411,1067.33675793266,531.6380941929
1,All Population,5,Prevalence,53582,Eastern Samar,3,Both,23,5-14 years,630,Low back pain,3,Rate,2020,791.0869801737699,1099.53312679782,559.59576884607
1,All Population,5,Prevalence,53592,Lanao Del Norte,3,Both,23,5-14 years,626,Musculoskeletal disorders,3,Rate,2019,1020.52877771862,1353.45360967399,759.80658151918
1,All Population,5,Prevalence,53592,Lanao Del Norte,3,Both,23,5-14 years,630,Low back pain,3,Rate,2019,757.3244334551,1061.1445316018899,534.43309124589
1,All Population,5,Prevalence,53533,Mountain Province,3,Both,23,5-14 years,626,Musculoskeletal disorders,3,Rate,2019,1043.0381420292101,1381.31850104774,765.11251187223
1,All Population,5,Prevalence,53535,Benguet,3,Both,23,5-14 years,626,Musculoskeletal disorders,3,Rate,2020,1027.9459459376399,1351.9097260102901,748.27541308048
1,All Population,5,Prevalence,53535,Benguet,3,Both,23,5-14 years,630,Low back pain,3,Rate,2020,772.20697776597,1077.25938607756,546.40748057632
1,All Population,5,Prevalence,53578,Cebu,3,Both,23,5-14 years,626,Musculoskeletal disorders,3,Rate,2019,1017.67133933644,1353.87672242694,749.91238582587
1,All Population,5,Prevalence,53578,Cebu,3,Both,23,5-14 years,630,Low back pain,3,Rate,2019,746.5496508854201,1067.64798133747,520.72798666371
1,All Population,5,Prevalence,53568,Albay,3,Both,23,5-14 years,626,Musculoskeletal disorders,3,Rate,2020,1023.92530632193,1343.44188150914,745.43141580031
1,All Population,5,Prevalence,53589,Zamboanga Del Sur,3,Both,23,5-14 years,626,Musculoskeletal disorders,3,Rate,2019,1028.69999375819,1352.70187676872,757.30246347638
1,All Population,5,Prevalence,53589,Zamboanga Del Sur,3,Both,23,5-14 years,630,Low back pain,3,Rate,2019,762.57069357282,1063.19225994778,532.8146384467
1,All Population,5,Prevalence,53547,Batanes,3,Both,23,5-14 years,630,Low back pain,3,Rate,2018,799.5088004714801,1132.98526381962,570.52445828913
1,All Population,5,Prevalence,53539,La Union,3,Both,23,5-14 years,630,Low back pain,3,Rate,2017,764.6667480995001,1069.23857114619,547.35206300102
1,All Population,5,Prevalence,53582,Eastern Samar,3,Both,23,5-14 years,626,Musculoskeletal disorders,3,Rate,2015,1066.1751922297,1403.9616124783201,799.31022836413
1,All Population,5,Prevalence,53596,Davao de Oro,3,Both,23,5-14 years,626,Musculoskeletal disorders,3,Rate,2020,1030.74739906868,1376.1556411761499,749.38481706755
1,All Population,5,Prevalence,53596,Davao de Oro,3,Both,23,5-14 years,630,Low back pain,3,Rate,2020,776.1463365053501,1071.4430180841898,548.54268683071
1,All Population,5,Prevalence,53602,Cotabato (North Cotabato),3,Both,23,5-14 years,626,Musculoskeletal disorders,3,Rate,2018,1030.75936670955,1349.42854213973,755.27973091966
1,All Population,5,Prevalence,53534,Ifugao,3,Both,23,5-14 years,626,Musculoskeletal disorders,3,Rate,2019,1062.4414233761001,1385.05111588375,789.87820011704
1,All Population,5,Prevalence,53534,Ifugao,3,Both,23,5-14 years,630,Low back pain,3,Rate,2019,794.73277593203,1114.06171441011,564.86229058322
1,All Population,5,Prevalence,53555,Rizal,3,Both,23,5-14 years,626,Musculoskeletal disorders,3,Rate,2019,1020.6390008425501,1330.3423295990701,754.03914157138
1,All Population,5,Prevalence,53555,Rizal,3,Both,23,5-14 years,630,Low back pain,3,Rate,2019,746.5414213841,1040.2271282676102,525.14206015333
1,All Population,5,Prevalence,53584,Samar (Western Samar),3,Both,23,5-14 years,626,Musculoskeletal disorders,3,Rate,2016,1064.90244243289,1379.0737177286599,794.22765138152
1,All Population,5,Prevalence,53584,Samar (Western Samar),3,Both,23,5-14 years,630,Low back pain,3,Rate,2016,793.7549651177,1104.38533933894,560.27200096516
1,All Population,5,Prevalence,53606,Surigao Del Sur,3,Both,23,5-14 years,626,Musculoskeletal disorders,3,Rate,2020,1039.4946154146999,1383.81834734654,770.78289951436
1,All Population,5,Prevalence,53606,Surigao Del Sur,3,Both,23,5-14 years,630,Low back pain,3,Rate,2020,773.49130854181,1103.30780303946,538.85371176923
1,All Population,5,Prevalence,53567,Sorsogon,3,Both,23,5-14 years,630,Low back pain,3,Rate,2018,770.20172099669,1060.924113948,540.23006483115
1,All Population,5,Prevalence,53608,Dinagat Islands,3,Both,23,5-14 years,626,Musculoskeletal disorders,3,Rate,2021,1049.4495882728202,1386.7996595623802,782.34585986954
1,All Population,5,Prevalence,53608,Dinagat Islands,3,Both,23,5-14 years,630,Low back pain,3,Rate,2021,776.08220310603,1099.45936403102,555.0001415133399
1,All Population,5,Prevalence,53547,Batanes,3,Both,23,5-14 years,626,Musculoskeletal disorders,3,Rate,2019,1090.31825373033,1445.09874641233,792.6769136507301
1,All Population,5,Prevalence,53600,South Cotabato,3,Both,23,5-14 years,626,Musculoskeletal disorders,3,Rate,2019,1037.80833295529,1388.52835202392,769.5476065630401
1,All Population,5,Prevalence,53600,South Cotabato,3,Both,23,5-14 years,630,Low back pain,3,Rate,2019,767.54826443134,1094.42870827692,537.87132143445
1,All Population,5,Prevalence,53547,Batanes,3,Both,23,5-14 years,630,Low back pain,3,Rate,2019,808.4282356109,1155.92147785292,570.82938242047
1,All Population,5,Prevalence,53571,Capiz,3,Both,23,5-14 years,626,Musculoskeletal disorders,3,Rate,2016,1036.19287316853,1380.40612746769,770.6310357153501
1,All Population,5,Prevalence,53571,Capiz,3,Both,23,5-14 years,630,Low back pain,3,Rate,2016,769.92697595971,1102.22163379927,546.60564535182
1,All Population,5,Prevalence,53602,Cotabato (North Cotabato),3,Both,23,5-14 years,630,Low back pain,3,Rate,2018,772.35940554198,1090.66320914874,551.99165941923
1,All Population,5,Prevalence,53562,Romblon,3,Both,23,5-14 years,626,Musculoskeletal disorders,3,Rate,2020,1085.32732180846,1421.02329873687,797.69342300028
1,All Population,5,Prevalence,53562,Romblon,3,Both,23,5-14 years,630,Low back pain,3,Rate,2020,807.33764107217,1150.19762096782,570.35133894619
1,All Population,5,Prevalence,53597,Davao Del Sur,3,Both,23,5-14 years,626,Musculoskeletal disorders,3,Rate,2020,1047.33956634616,1375.95254411489,768.0642604578301
1,All Population,5,Prevalence,53597,Davao Del Sur,3,Both,23,5-14 years,630,Low back pain,3,Rate,2020,771.75716274098,1098.32100106838,557.78105793666
1,All Population,5,Prevalence,53533,Mountain Province,3,Both,23,5-14 years,630,Low back pain,3,Rate,2019,797.3301873447001,1131.75116934568,565.55936909306
1,All Population,5,Prevalence,53551,Pampanga,3,Both,23,5-14 years,626,Musculoskeletal disorders,3,Rate,2020,1041.8464289395101,1376.93238023106,778.26238544601
1,All Population,5,Prevalence,53551,Pampanga,3,Both,23,5-14 years,630,Low back pain,3,Rate,2020,762.31848583915,1075.4975975290401,533.52115576887
1,All Population,5,Prevalence,53548,Bataan,3,Both,23,5-14 years,626,Musculoskeletal disorders,3,Rate,2020,1040.4955818998,1368.46262741187,764.15227378346
1,All Population,5,Prevalence,53548,Bataan,3,Both,23,5-14 years,630,Low back pain,3,Rate,2020,768.3868016546201,1081.07100761098,533.53583633089
1,All Population,5,Prevalence,53605,Agusan Del Sur,3,Both,23,5-14 years,626,Musculoskeletal disorders,3,Rate,2019,1029.86106977608,1350.9438001174,759.80901302521
1,All Population,5,Prevalence,53581,Southern Leyte,3,Both,23,5-14 years,626,Musculoskeletal disorders,3,Rate,2019,1019.58448206025,1362.25604030491,749.22353216835
1,All Population,5,Prevalence,53539,La Union,3,Both,23,5-14 years,626,Musculoskeletal disorders,3,Rate,2016,1032.85877790384,1359.77311900295,776.97914498389
1,All Population,5,Prevalence,53563,Palawan,3,Both,23,5-14 years,626,Musculoskeletal disorders,3,Rate,2021,1072.84000494685,1401.39893961601,792.2256747139
1,All Population,5,Prevalence,53563,Palawan,3,Both,23,5-14 years,630,Low back pain,3,Rate,2021,797.07534096361,1129.73449449995,565.25183723938
1,All Population,5,Prevalence,53610,Basilan,3,Both,23,5-14 years,626,Musculoskeletal disorders,3,Rate,2021,998.47230822949,1332.85731218262,723.0117766547501
1,All Population,5,Prevalence,53597,Davao Del Sur,3,Both,23,5-14 years,626,Musculoskeletal disorders,3,Rate,2021,1055.45108583916,1393.11369303805,771.7454994733
1,All Population,5,Prevalence,53597,Davao Del Sur,3,Both,23,5-14 years,630,Low back pain,3,Rate,2021,778.1293717983,1078.89634082631,559.29044207593
1,All Population,5,Prevalence,53581,Southern Leyte,3,Both,23,5-14 years,630,Low back pain,3,Rate,2019,785.99064474333,1101.49008230158,554.92379527324
1,All Population,5,Prevalence,53610,Basilan,3,Both,23,5-14 years,630,Low back pain,3,Rate,2021,757.50214804137,1064.05332320692,527.28660872328
1,All Population,5,Prevalence,53594,Camiguin,3,Both,23,5-14 years,626,Musculoskeletal disorders,3,Rate,2019,1024.2486821022899,1345.23201616932,744.3567188582699
1,All Population,5,Prevalence,53594,Camiguin,3,Both,23,5-14 years,630,Low back pain,3,Rate,2019,754.90984935117,1070.8483910739299,534.36777530264
1,All Population,5,Prevalence,53604,Agusan Del Norte,3,Both,23,5-14 years,626,Musculoskeletal disorders,3,Rate,2020,1048.0990369878898,1376.24624333205,776.3013316820201
1,All Population,5,Prevalence,53604,Agusan Del Norte,3,Both,23,5-14 years,630,Low back pain,3,Rate,2020,780.10306013334,1085.50009586884,549.73899263339
1,All Population,5,Prevalence,53591,Bukidnon,3,Both,23,5-14 years,626,Musculoskeletal disorders,3,Rate,2019,1006.86562648336,1341.88312625089,759.78901457941
1,All Population,5,Prevalence,53591,Bukidnon,3,Both,23,5-14 years,630,Low back pain,3,Rate,2019,756.3894153185701,1049.43896622602,543.2094080574
1,All Population,5,Prevalence,53566,Camarines Norte,3,Both,23,5-14 years,626,Musculoskeletal disorders,3,Rate,2021,1037.93386334457,1385.58344854616,774.54574155437
1,All Population,5,Prevalence,53566,Camarines Norte,3,Both,23,5-14 years,630,Low back pain,3,Rate,2021,777.19740931887,1099.26666065105,545.5049161543001
1,All Population,5,Prevalence,53541,Ilocos Sur,3,Both,23,5-14 years,626,Musculoskeletal disorders,3,Rate,2017,1044.97006248329,1357.96547790826,789.14854157256
1,All Population,5,Prevalence,53541,Ilocos Sur,3,Both,23,5-14 years,630,Low back pain,3,Rate,2017,771.93147216631,1069.9080584013002,553.12299071536
1,All Population,5,Prevalence,16,Philippines,3,Both,23,5-14 years,626,Musculoskeletal disorders,3,Rate,2021,1038.32329617353,1353.69277458792,765.2875881029801
1,All Population,5,Prevalence,16,Philippines,3,Both,23,5-14 years,630,Low back pain,3,Rate,2021,771.71538903413,1085.96995164879,550.41241712908
1,All Population,5,Prevalence,53596,Davao de Oro,3,Both,23,5-14 years,626,Musculoskeletal disorders,3,Rate,2018,1021.52826918636,1343.25539032865,753.6850433114801
1,All Population,5,Prevalence,53596,Davao de Oro,3,Both,23,5-14 years,630,Low back pain,3,Rate,2018,769.65101537387,1069.6551394576002,543.11355973276
1,All Population,5,Prevalence,53609,Tawi-Tawi,3,Both,23,5-14 years,626,Musculoskeletal disorders,3,Rate,2020,1018.54586453539,1355.74991130981,737.47760673008
1,All Population,5,Prevalence,53580,Siquijor,3,Both,23,5-14 years,626,Musculoskeletal disorders,3,Rate,2019,1061.78567070902,1400.91316661256,775.15198992817
1,All Population,5,Prevalence,53580,Siquijor,3,Both,23,5-14 years,630,Low back pain,3,Rate,2019,785.39686367857,1092.85887510105,557.3238876064
1,All Population,5,Prevalence,53613,Lanao Del Sur,3,Both,23,5-14 years,626,Musculoskeletal disorders,3,Rate,2019,1031.81610085149,1338.41640698732,764.17690652953
1,All Population,5,Prevalence,53544,Cagayan,3,Both,23,5-14 years,630,Low back pain,3,Rate,2019,774.07007703008,1088.69007598851,544.6909919140201
1,All Population,5,Prevalence,53557,Laguna,3,Both,23,5-14 years,626,Musculoskeletal disorders,3,Rate,2019,1024.1842128308501,1360.36598688512,766.41907502859
1,All Population,5,Prevalence,53557,Laguna,3,Both,23,5-14 years,630,Low back pain,3,Rate,2019,752.68859239673,1058.8311254136702,526.86494689323
1,All Population,5,Prevalence,53557,Laguna,3,Both,23,5-14 years,626,Musculoskeletal disorders,3,Rate,2020,1031.37429715879,1374.90974513835,772.5454882131099
1,All Population,5,Prevalence,53557,Laguna,3,Both,23,5-14 years,630,Low back pain,3,Rate,2020,757.79351635197,1072.70961542079,524.79845488736
1,All Population,5,Prevalence,53568,Albay,3,Both,23,5-14 years,630,Low back pain,3,Rate,2020,768.0115757462399,1085.9931290611,540.80350629229
1,All Population,5,Prevalence,53550,Tarlac,3,Both,23,5-14 years,626,Musculoskeletal disorders,3,Rate,2021,1053.28635315574,1391.51507546485,780.4142648552
1,All Population,5,Prevalence,53550,Tarlac,3,Both,23,5-14 years,630,Low back pain,3,Rate,2021,774.05426623293,1111.93124208995,545.36548544058
1,All Population,5,Prevalence,53536,Abra,3,Both,23,5-14 years,626,Musculoskeletal disorders,3,Rate,2020,1066.0635831760299,1409.53929408454,791.47368893755
1,All Population,5,Prevalence,53609,Tawi-Tawi,3,Both,23,5-14 years,630,Low back pain,3,Rate,2020,758.30040559372,1060.26343733278,530.1149937711
1,All Population,5,Prevalence,53612,Maguindanao,3,Both,23,5-14 years,626,Musculoskeletal disorders,3,Rate,2021,1009.57104031042,1322.65184285329,745.71863002688
1,All Population,5,Prevalence,53612,Maguindanao,3,Both,23,5-14 years,630,Low back pain,3,Rate,2021,757.71013005499,1069.76615910237,527.43454221535
1,All Population,5,Prevalence,53535,Benguet,3,Both,23,5-14 years,626,Musculoskeletal disorders,3,Rate,2019,1025.59972182809,1358.46601823169,754.77042432498
1,All Population,5,Prevalence,53535,Benguet,3,Both,23,5-14 years,630,Low back pain,3,Rate,2019,770.0513106262799,1079.08819350687,545.67103802951
1,All Population,5,Prevalence,53586,Biliran,3,Both,23,5-14 years,626,Musculoskeletal disorders,3,Rate,2017,1031.67325558391,1360.64313763495,776.42587762663
1,All Population,5,Prevalence,53586,Biliran,3,Both,23,5-14 years,630,Low back pain,3,Rate,2017,760.64178295598,1068.38177633692,531.51094276752
1,All Population,5,Prevalence,53565,Catanduanes,3,Both,23,5-14 years,626,Musculoskeletal disorders,3,Rate,2021,1047.60507455324,1393.33995534642,762.51804299259
1,All Population,5,Prevalence,53565,Catanduanes,3,Both,23,5-14 years,630,Low back pain,3,Rate,2021,786.44349657953,1102.02834791127,543.4308697599799
1,All Population,5,Prevalence,53590,Misamis Occidental,3,Both,23,5-14 years,626,Musculoskeletal disorders,3,Rate,2021,1046.8972988267299,1367.49144494865,777.9619726440201
1,All Population,5,Prevalence,53613,Lanao Del Sur,3,Both,23,5-14 years,630,Low back pain,3,Rate,2021,782.0925956370199,1079.02047819001,549.7867152489
1,All Population,5,Prevalence,53544,Cagayan,3,Both,23,5-14 years,626,Musculoskeletal disorders,3,Rate,2019,1023.14323516259,1333.24266143734,758.7244972944701
1,All Population,5,Prevalence,53561,Oriental Mindoro,3,Both,23,5-14 years,626,Musculoskeletal disorders,3,Rate,2020,1059.1901331091399,1398.50678251671,783.8884293466999
1,All Population,5,Prevalence,53561,Oriental Mindoro,3,Both,23,5-14 years,630,Low back pain,3,Rate,2020,782.58001315846,1098.85791745308,536.31404056263
1,All Population,5,Prevalence,53536,Abra,3,Both,23,5-14 years,630,Low back pain,3,Rate,2019,791.61278678104,1105.4106854771799,559.91781554361
1,All Population,5,Prevalence,53550,Tarlac,3,Both,23,5-14 years,626,Musculoskeletal disorders,3,Rate,2020,1042.46327530005,1377.72216018374,763.6827586964899
1,All Population,5,Prevalence,53550,Tarlac,3,Both,23,5-14 years,630,Low back pain,3,Rate,2020,765.52934505981,1101.96380214975,535.00899866167
1,All Population,5,Prevalence,53559,Quezon,3,Both,23,5-14 years,626,Musculoskeletal disorders,3,Rate,2019,1048.89907234701,1382.36392000703,768.7697238352
1,All Population,5,Prevalence,53605,Agusan Del Sur,3,Both,23,5-14 years,630,Low back pain,3,Rate,2015,768.03041376233,1073.46940583704,544.58448669106
1,All Population,5,Prevalence,53558,Batangas,3,Both,23,5-14 years,626,Musculoskeletal disorders,3,Rate,2016,1017.8856515042601,1348.23027116157,745.88930451222
1,All Population,5,Prevalence,53558,Batangas,3,Both,23,5-14 years,630,Low back pain,3,Rate,2016,746.67150448156,1049.95439645166,521.51770479783
1,All Population,5,Prevalence,53608,Dinagat Islands,3,Both,23,5-14 years,626,Musculoskeletal disorders,3,Rate,2020,1040.55357080987,1383.4738022709,772.90445505766
1,All Population,5,Prevalence,53608,Dinagat Islands,3,Both,23,5-14 years,630,Low back pain,3,Rate,2020,769.36591250598,1093.47651676007,543.6514819346099
1,All Population,5,Prevalence,53549,Zambales,3,Both,23,5-14 years,626,Musculoskeletal disorders,3,Rate,2018,1039.09617497509,1387.3741731053299,765.06059581869
1,All Population,5,Prevalence,53549,Zambales,3,Both,23,5-14 years,630,Low back pain,3,Rate,2018,768.02366137793,1077.99998035393,545.48425493506
1,All Population,5,Prevalence,53539,La Union,3,Both,23,5-14 years,630,Low back pain,3,Rate,2016,762.99855640207,1065.6012884031002,545.1168735726301
1,All Population,5,Prevalence,53576,Guimaras,3,Both,23,5-14 years,626,Musculoskeletal disorders,3,Rate,2021,1066.32657369766,1368.14629577953,802.11978370518
1,All Population,5,Prevalence,53593,Misamis Oriental,3,Both,23,5-14 years,626,Musculoskeletal disorders,3,Rate,2019,1011.5953615194601,1341.30391085771,738.12909975167
1,All Population,5,Prevalence,53593,Misamis Oriental,3,Both,23,5-14 years,630,Low back pain,3,Rate,2019,753.14438309985,1038.86945050555,532.2809275606
1,All Population,5,Prevalence,53575,Iloilo,3,Both,23,5-14 years,630,Low back pain,3,Rate,2017,756.31072392127,1073.7268572882401,535.10695317489
1,All Population,5,Prevalence,53606,Surigao Del Sur,3,Both,23,5-14 years,626,Musculoskeletal disorders,3,Rate,2019,1034.39510683098,1383.28187601034,768.26712291273
1,All Population,5,Prevalence,53606,Surigao Del Sur,3,Both,23,5-14 years,630,Low back pain,3,Rate,2019,770.39659457803,1093.4206034287301,539.86461898289
1,All Population,5,Prevalence,53576,Guimaras,3,Both,23,5-14 years,630,Low back pain,3,Rate,2021,790.37697559183,1092.82569769722,559.8607895405701
1,All Population,5,Prevalence,53572,Aklan,3,Both,23,5-14 years,626,Musculoskeletal disorders,3,Rate,2021,1049.7436470707,1398.48610715432,779.35871178466
1,All Population,5,Prevalence,53572,Aklan,3,Both,23,5-14 years,630,Low back pain,3,Rate,2021,784.58879704533,1097.78892755694,563.23827265479
1,All Population,5,Prevalence,53552,Bulacan,3,Both,23,5-14 years,630,Low back pain,3,Rate,2021,766.1450861086299,1058.84552609101,538.39638947729
1,All Population,5,Prevalence,53549,Zambales,3,Both,23,5-14 years,626,Musculoskeletal disorders,3,Rate,2019,1047.7335518130901,1383.7316291376098,782.2581081738699
1,All Population,5,Prevalence,53549,Zambales,3,Both,23,5-14 years,630,Low back pain,3,Rate,2019,774.14681733058,1081.94592289135,549.23997215618
1,All Population,5,Prevalence,53552,Bulacan,3,Both,23,5-14 years,626,Musculoskeletal disorders,3,Rate,2017,1019.23070801807,1337.54027515543,748.22937373997
1,All Population,5,Prevalence,53586,Biliran,3,Both,23,5-14 years,626,Musculoskeletal disorders,3,Rate,2016,1034.91769581572,1350.57234192287,777.70363014365
1,All Population,5,Prevalence,53586,Biliran,3,Both,23,5-14 years,630,Low back pain,3,Rate,2016,762.9241512877101,1068.77037457327,533.29612864462
1,All Population,5,Prevalence,53598,Davao Occidental,3,Both,23,5-14 years,630,Low back pain,3,Rate,2020,778.92665356504,1090.21599405197,548.6554111737
1,All Population,5,Prevalence,53582,Eastern Samar,3,Both,23,5-14 years,630,Low back pain,3,Rate,2019,793.0463012048399,1111.83920047164,561.94655871587
1,All Population,5,Prevalence,53588,Zamboanga Del Norte,3,Both,23,5-14 years,626,Musculoskeletal disorders,3,Rate,2017,1022.36679667768,1334.77782365726,752.75858852966
1,All Population,5,Prevalence,53552,Bulacan,3,Both,23,5-14 years,630,Low back pain,3,Rate,2020,758.1622406259099,1043.39522961664,528.5598130471
1,All Population,5,Prevalence,53588,Zamboanga Del Norte,3,Both,23,5-14 years,626,Musculoskeletal disorders,3,Rate,2016,1022.1389096170401,1335.5763103712,757.83931024472
1,All Population,5,Prevalence,53588,Zamboanga Del Norte,3,Both,23,5-14 years,630,Low back pain,3,Rate,2017,759.5002648887299,1069.72485455183,537.75675419455
1,All Population,5,Prevalence,53543,Nueva Vizcaya,3,Both,23,5-14 years,626,Musculoskeletal disorders,3,Rate,2017,1025.76034482909,1342.62202468228,750.48260794247
1,All Population,5,Prevalence,53543,Nueva Vizcaya,3,Both,23,5-14 years,630,Low back pain,3,Rate,2017,762.95451446243,1056.77844466607,539.8983409415
1,All Population,5,Prevalence,53554,Aurora,3,Both,23,5-14 years,630,Low back pain,3,Rate,2018,774.14687096759,1082.60616814186,545.47903518018
1,All Population,5,Prevalence,53599,Davao Del Norte,3,Both,23,5-14 years,626,Musculoskeletal disorders,3,Rate,2017,1010.3282476584499,1327.37671375747,726.90578499174
1,All Population,5,Prevalence,53599,Davao Del Norte,3,Both,23,5-14 years,630,Low back pain,3,Rate,2017,752.53087791497,1070.1133924122,531.81234995131
1,All Population,5,Prevalence,53588,Zamboanga Del Norte,3,Both,23,5-14 years,630,Low back pain,3,Rate,2016,759.89769632685,1052.4011220105199,535.34381865563
1,All Population,5,Prevalence,53585,Leyte,3,Both,23,5-14 years,626,Musculoskeletal disorders,3,Rate,2021,1036.60347919565,1349.9036551456,764.84531051121
1,All Population,5,Prevalence,53585,Leyte,3,Both,23,5-14 years,630,Low back pain,3,Rate,2021,773.1652317614801,1082.98508708938,546.97593072308
1,All Population,5,Prevalence,53554,Aurora,3,Both,23,5-14 years,626,Musculoskeletal disorders,3,Rate,2017,1040.6076461028301,1377.3963147716202,768.15453551597
1,All Population,5,Prevalence,53595,Davao Oriental,3,Both,23,5-14 years,626,Musculoskeletal disorders,3,Rate,2019,1053.02120230918,1403.81933148604,786.01687746444
1,All Population,5,Prevalence,53595,Davao Oriental,3,Both,23,5-14 years,630,Low back pain,3,Rate,2019,790.59642908687,1121.2787314253999,559.4531103854
1,All Population,5,Prevalence,53575,Iloilo,3,Both,23,5-14 years,626,Musculoskeletal disorders,3,Rate,2020,1029.7438913921699,1369.97534568604,748.72604226369
1,All Population,5,Prevalence,53610,Basilan,3,Both,23,5-14 years,626,Musculoskeletal disorders,3,Rate,2020,979.6359978652001,1309.21029938883,705.45741168891
1,All Population,5,Prevalence,53538,Kalinga,3,Both,23,5-14 years,626,Musculoskeletal disorders,3,Rate,2021,1074.10988972636,1411.55384699757,783.97757859255
1,All Population,5,Prevalence,53538,Kalinga,3,Both,23,5-14 years,630,Low back pain,3,Rate,2021,799.05417556436,1132.92133044295,558.9526049639001
1,All Population,5,Prevalence,53538,Kalinga,3,Both,23,5-14 years,626,Musculoskeletal disorders,3,Rate,2020,1064.52550401093,1413.4545789904998,780.1679388134299
1,All Population,5,Prevalence,53538,Kalinga,3,Both,23,5-14 years,630,Low back pain,3,Rate,2020,793.00792777466,1114.24970780825,551.38701060846
1,All Population,5,Prevalence,53546,Quirino,3,Both,23,5-14 years,626,Musculoskeletal disorders,3,Rate,2019,1064.81862357063,1389.1324038438,793.5868779016499
1,All Population,5,Prevalence,53546,Quirino,3,Both,23,5-14 years,630,Low back pain,3,Rate,2019,783.79544215988,1103.4314202628,554.97182397448
1,All Population,5,Prevalence,53563,Palawan,3,Both,23,5-14 years,626,Musculoskeletal disorders,3,Rate,2020,1062.6150263608502,1394.93045934887,784.32480622859
1,All Population,5,Prevalence,53563,Palawan,3,Both,23,5-14 years,630,Low back pain,3,Rate,2020,789.22351569906,1089.51261825218,558.7801881090301
1,All Population,5,Prevalence,53596,Davao de Oro,3,Both,23,5-14 years,626,Musculoskeletal disorders,3,Rate,2019,1025.0240952258898,1356.2014263797,749.57944194275
1,All Population,5,Prevalence,53596,Davao de Oro,3,Both,23,5-14 years,630,Low back pain,3,Rate,2019,772.00184125834,1061.8420371448801,546.99485563332
1,All Population,5,Prevalence,53544,Cagayan,3,Both,23,5-14 years,626,Musculoskeletal disorders,3,Rate,2021,1048.3077567094501,1387.4329142183801,776.2859996255601
1,All Population,5,Prevalence,53545,Isabela,3,Both,23,5-14 years,626,Musculoskeletal disorders,3,Rate,2021,1054.22027995788,1384.83544849618,777.1470991367801
1,All Population,5,Prevalence,53545,Isabela,3,Both,23,5-14 years,630,Low back pain,3,Rate,2021,791.13742578403,1113.29206919611,563.2649852236
1,All Population,5,Prevalence,53543,Nueva Vizcaya,3,Both,23,5-14 years,626,Musculoskeletal disorders,3,Rate,2018,1024.6315076078602,1343.92663662921,754.37269988721
1,All Population,5,Prevalence,53543,Nueva Vizcaya,3,Both,23,5-14 years,630,Low back pain,3,Rate,2018,764.03661475126,1052.9442049033,539.88736201904
1,All Population,5,Prevalence,53579,Bohol,3,Both,23,5-14 years,626,Musculoskeletal disorders,3,Rate,2021,1052.93571828193,1370.6725365070702,780.36462562012
1,All Population,5,Prevalence,53579,Bohol,3,Both,23,5-14 years,630,Low back pain,3,Rate,2021,782.24905394961,1075.68278811603,559.20564404225
1,All Population,5,Prevalence,53560,Occidental Mindoro,3,Both,23,5-14 years,626,Musculoskeletal disorders,3,Rate,2019,1049.14500866087,1373.54636473448,773.0692194784999
1,All Population,5,Prevalence,53560,Occidental Mindoro,3,Both,23,5-14 years,630,Low back pain,3,Rate,2019,776.28770837851,1096.79881864248,543.54637287026
1,All Population,5,Prevalence,53564,Marinduque,3,Both,23,5-14 years,626,Musculoskeletal disorders,3,Rate,2020,1082.78315365818,1435.75563031375,797.7478697420901
1,All Population,5,Prevalence,53564,Marinduque,3,Both,23,5-14 years,630,Low back pain,3,Rate,2020,798.77499096126,1141.7877851630099,564.8047685227
1,All Population,5,Prevalence,53601,Sultan Kudarat,3,Both,23,5-14 years,626,Musculoskeletal disorders,3,Rate,2018,1026.4011185321299,1341.19433986251,763.00246131087
1,All Population,5,Prevalence,53601,Sultan Kudarat,3,Both,23,5-14 years,630,Low back pain,3,Rate,2018,761.33318378806,1078.0965353957802,540.60136060654
1,All Population,5,Prevalence,53607,Surigao Del Norte,3,Both,23,5-14 years,626,Musculoskeletal disorders,3,Rate,2019,1034.38725734835,1352.11410854047,762.09356682554
1,All Population,5,Prevalence,53607,Surigao Del Norte,3,Both,23,5-14 years,630,Low back pain,3,Rate,2019,764.49691877295,1075.19622552191,544.84061448521
1,All Population,5,Prevalence,53611,Sulu,3,Both,23,5-14 years,626,Musculoskeletal disorders,3,Rate,2020,1033.7412551791801,1376.21515171903,767.1806659989801
1,All Population,5,Prevalence,53611,Sulu,3,Both,23,5-14 years,630,Low back pain,3,Rate,2020,779.45376301895,1074.48766228548,547.94227005863
1,All Population,5,Prevalence,53592,Lanao Del Norte,3,Both,23,5-14 years,626,Musculoskeletal disorders,3,Rate,2021,1029.06800539257,1353.8766667561902,761.34211155913
1,All Population,5,Prevalence,53592,Lanao Del Norte,3,Both,23,5-14 years,630,Low back pain,3,Rate,2021,766.51862032109,1083.32743619518,540.7892807549499
1,All Population,5,Prevalence,53610,Basilan,3,Both,23,5-14 years,630,Low back pain,3,Rate,2020,748.79917665913,1033.37361604591,520.01157032041
1,All Population,5,Prevalence,53568,Albay,3,Both,23,5-14 years,626,Musculoskeletal disorders,3,Rate,2019,1020.9742660350701,1340.72596728306,746.1009650742001
1,All Population,5,Prevalence,53534,Ifugao,3,Both,23,5-14 years,626,Musculoskeletal disorders,3,Rate,2021,1058.23700527467,1396.3446066351999,772.36438507946
1,All Population,5,Prevalence,53534,Ifugao,3,Both,23,5-14 years,630,Low back pain,3,Rate,2021,790.64995343433,1107.9369984438601,562.92313317445
1,All Population,5,Prevalence,53544,Cagayan,3,Both,23,5-14 years,630,Low back pain,3,Rate,2018,767.48902058204,1073.18483651163,538.4558724649601
1,All Population,5,Prevalence,53578,Cebu,3,Both,23,5-14 years,626,Musculoskeletal disorders,3,Rate,2021,1041.11753065169,1391.23641430418,771.6152963240199
1,All Population,5,Prevalence,53578,Cebu,3,Both,23,5-14 years,630,Low back pain,3,Rate,2021,764.15648255463,1084.37676545859,539.97084257676
1,All Population,5,Prevalence,53570,Camarines Sur,3,Both,23,5-14 years,626,Musculoskeletal disorders,3,Rate,2020,1031.71518339886,1363.1821572852,755.93592243663
1,All Population,5,Prevalence,53570,Camarines Sur,3,Both,23,5-14 years,630,Low back pain,3,Rate,2020,761.42328964803,1064.9825750662799,521.15720914498
1,All Population,5,Prevalence,53551,Pampanga,3,Both,23,5-14 years,626,Musculoskeletal disorders,3,Rate,2019,1035.98028402259,1371.1496165418,770.43437518886
1,All Population,5,Prevalence,53551,Pampanga,3,Both,23,5-14 years,630,Low back pain,3,Rate,2019,758.23240537533,1076.51618107903,534.44013798228
1,All Population,5,Prevalence,53568,Albay,3,Both,23,5-14 years,630,Low back pain,3,Rate,2019,765.02262858593,1078.29558983534,545.07913845981
1,All Population,5,Prevalence,53587,Zamboanga Sibugay,3,Both,23,5-14 years,626,Musculoskeletal disorders,3,Rate,2021,1053.50162180326,1380.8885652024599,786.90757095973
1,All Population,5,Prevalence,53587,Zamboanga Sibugay,3,Both,23,5-14 years,630,Low back pain,3,Rate,2021,782.9570522159701,1098.78724624407,565.6692658130801
1,All Population,5,Prevalence,53583,Northern Samar,3,Both,23,5-14 years,626,Musculoskeletal disorders,3,Rate,2020,1045.42564092064,1381.63788431588,763.28608637638
1,All Population,5,Prevalence,53583,Northern Samar,3,Both,23,5-14 years,630,Low back pain,3,Rate,2020,780.24168523664,1073.56751812157,547.64472089614
1,All Population,5,Prevalence,53540,Ilocos Norte,3,Both,23,5-14 years,626,Musculoskeletal disorders,3,Rate,2020,1070.6725583247799,1417.06339010331,793.4160233135401
1,All Population,5,Prevalence,53559,Quezon,3,Both,23,5-14 years,630,Low back pain,3,Rate,2020,780.95570131555,1090.52625531889,535.24619954942
1,All Population,5,Prevalence,53554,Aurora,3,Both,23,5-14 years,630,Low back pain,3,Rate,2017,770.5640196435,1085.5566331447399,537.6253730783001
1,All Population,5,Prevalence,53590,Misamis Occidental,3,Both,23,5-14 years,630,Low back pain,3,Rate,2018,765.59379748268,1086.60515606742,543.08523436232
1,All Population,5,Prevalence,53577,Negros Oriental,3,Both,23,5-14 years,626,Musculoskeletal disorders,3,Rate,2020,1031.35047421943,1354.91094786713,772.33961004342
1,All Population,5,Prevalence,53577,Negros Oriental,3,Both,23,5-14 years,630,Low back pain,3,Rate,2020,773.20162714508,1083.42187391363,545.59213885391
1,All Population,5,Prevalence,53602,Cotabato (North Cotabato),3,Both,23,5-14 years,626,Musculoskeletal disorders,3,Rate,2019,1039.0182090225,1370.19599937001,757.78821416448
1,All Population,5,Prevalence,53562,Romblon,3,Both,23,5-14 years,626,Musculoskeletal disorders,3,Rate,2019,1072.58530317058,1408.97049963171,785.9530550608399
1,All Population,5,Prevalence,53562,Romblon,3,Both,23,5-14 years,630,Low back pain,3,Rate,2019,797.89967103834,1139.9036363362,563.74437906738
1,All Population,5,Prevalence,53602,Cotabato (North Cotabato),3,Both,23,5-14 years,630,Low back pain,3,Rate,2019,773.94781777558,1092.99608625114,552.4524699756699
1,All Population,5,Prevalence,53565,Catanduanes,3,Both,23,5-14 years,626,Musculoskeletal disorders,3,Rate,2020,1028.2295849136199,1375.28232428562,736.8332906550601
1,All Population,5,Prevalence,53565,Catanduanes,3,Both,23,5-14 years,630,Low back pain,3,Rate,2020,778.74215806375,1104.04349268893,539.75808554994
1,All Population,5,Prevalence,53574,Negros Occidental,3,Both,23,5-14 years,626,Musculoskeletal disorders,3,Rate,2021,1048.1034322207001,1381.92223843283,769.5892508992699
1,All Population,5,Prevalence,53540,Ilocos Norte,3,Both,23,5-14 years,630,Low back pain,3,Rate,2020,798.58180437986,1099.23687257529,555.9062423221501
1,All Population,5,Prevalence,53559,Quezon,3,Both,23,5-14 years,630,Low back pain,3,Rate,2019,775.31479166855,1099.93541651559,535.46502262796
1,All Population,5,Prevalence,53567,Sorsogon,3,Both,23,5-14 years,630,Low back pain,3,Rate,2021,764.82255360268,1054.15120510235,541.4264952685401
1,All Population,5,Prevalence,53546,Quirino,3,Both,23,5-14 years,626,Musculoskeletal disorders,3,Rate,2021,1085.28294576541,1420.79147054042,801.02912400613
1,All Population,5,Prevalence,53546,Quirino,3,Both,23,5-14 years,630,Low back pain,3,Rate,2021,799.37145602809,1115.54558895752,568.68666667785
1,All Population,5,Prevalence,53567,Sorsogon,3,Both,23,5-14 years,630,Low back pain,3,Rate,2022,765.76702315129,1061.6090960357399,542.0042261975101
1,All Population,5,Prevalence,53580,Siquijor,3,Both,23,5-14 years,626,Musculoskeletal disorders,3,Rate,2021,1084.49782351534,1415.50845185177,814.8235186446201
1,All Population,5,Prevalence,53580,Siquijor,3,Both,23,5-14 years,630,Low back pain,3,Rate,2021,802.85048976002,1127.58580046475,571.1461783777
1,All Population,5,Prevalence,53581,Southern Leyte,3,Both,23,5-14 years,626,Musculoskeletal disorders,3,Rate,2021,1042.57289024244,1383.86816225081,764.45192550051
1,All Population,5,Prevalence,53590,Misamis Occidental,3,Both,23,5-14 years,626,Musculoskeletal disorders,3,Rate,2020,1045.26276397612,1377.86982616107,774.2070087721501
1,All Population,5,Prevalence,53576,Guimaras,3,Both,23,5-14 years,626,Musculoskeletal disorders,3,Rate,2020,1056.2757019886901,1382.05783752114,802.3503971766
1,All Population,5,Prevalence,53573,Antique,3,Both,23,5-14 years,626,Musculoskeletal disorders,3,Rate,2016,1029.20833571693,1349.73614068693,751.79167685051
1,All Population,5,Prevalence,53573,Antique,3,Both,23,5-14 years,630,Low back pain,3,Rate,2016,765.85056360749,1049.78864268788,534.68976456938
1,All Population,5,Prevalence,53576,Guimaras,3,Both,23,5-14 years,630,Low back pain,3,Rate,2020,782.70896203314,1083.6771482449599,560.50394329662
1,All Population,5,Prevalence,53536,Abra,3,Both,23,5-14 years,626,Musculoskeletal disorders,3,Rate,2019,1059.85676314587,1398.0510776916199,784.1523519483799
1,All Population,5,Prevalence,53533,Mountain Province,3,Both,23,5-14 years,626,Musculoskeletal disorders,3,Rate,2021,1050.31053455971,1381.60377855473,769.16022756723
1,All Population,5,Prevalence,53567,Sorsogon,3,Both,23,5-14 years,626,Musculoskeletal disorders,3,Rate,2018,1040.3054927114601,1386.47059066563,775.79841934022
1,All Population,5,Prevalence,53574,Negros Occidental,3,Both,23,5-14 years,630,Low back pain,3,Rate,2021,775.43851373835,1098.3231891919702,548.26544629139
1,All Population,5,Prevalence,53598,Davao Occidental,3,Both,23,5-14 years,626,Musculoskeletal disorders,3,Rate,2020,1038.20665383726,1374.34907437789,765.65315354779
1,All Population,5,Prevalence,53541,Ilocos Sur,3,Both,23,5-14 years,626,Musculoskeletal disorders,3,Rate,2016,1038.50680585324,1357.40303238157,787.3267925949501
1,All Population,5,Prevalence,53541,Ilocos Sur,3,Both,23,5-14 years,630,Low back pain,3,Rate,2016,767.02513757803,1059.9421501864501,547.31633220195
1,All Population,5,Prevalence,16,Philippines,3,Both,23,5-14 years,626,Musculoskeletal disorders,3,Rate,2020,1030.34921118134,1339.4383316874998,759.09122165984
1,All Population,5,Prevalence,16,Philippines,3,Both,23,5-14 years,630,Low back pain,3,Rate,2020,765.1814893099499,1076.02805431273,544.95070992338
1,All Population,5,Prevalence,53548,Bataan,3,Both,23,5-14 years,626,Musculoskeletal disorders,3,Rate,2019,1032.01489309956,1334.3968840969399,756.37925554505
1,All Population,5,Prevalence,53548,Bataan,3,Both,23,5-14 years,630,Low back pain,3,Rate,2019,762.42819092081,1068.8286625166302,535.35426171798
1,All Population,5,Prevalence,53566,Camarines Norte,3,Both,23,5-14 years,626,Musculoskeletal disorders,3,Rate,2020,1023.2570047876,1374.68713129502,757.71788404739
1,All Population,5,Prevalence,53566,Camarines Norte,3,Both,23,5-14 years,630,Low back pain,3,Rate,2020,771.14242792748,1102.64388165217,543.03171883297
1,All Population,5,Prevalence,53589,Zamboanga Del Sur,3,Both,23,5-14 years,626,Musculoskeletal disorders,3,Rate,2021,1047.84984841866,1373.94868898507,773.3319022952401
1,All Population,5,Prevalence,53589,Zamboanga Del Sur,3,Both,23,5-14 years,630,Low back pain,3,Rate,2021,776.50824707795,1073.01527861332,540.88420392379
1,All Population,5,Prevalence,53533,Mountain Province,3,Both,23,5-14 years,626,Musculoskeletal disorders,3,Rate,2022,1049.0782994077101,1374.80068603851,778.26596215564
1,All Population,5,Prevalence,53598,Davao Occidental,3,Both,23,5-14 years,626,Musculoskeletal disorders,3,Rate,2021,1051.48187767881,1378.81290208176,770.87162874172
1,All Population,5,Prevalence,53609,Tawi-Tawi,3,Both,23,5-14 years,626,Musculoskeletal disorders,3,Rate,2019,1016.2719824117801,1348.37359484108,735.13037805491
1,All Population,5,Prevalence,53581,Southern Leyte,3,Both,23,5-14 years,630,Low back pain,3,Rate,2021,790.0657501848599,1131.69190513992,563.40685397888
1,All Population,5,Prevalence,53540,Ilocos Norte,3,Both,23,5-14 years,626,Musculoskeletal disorders,3,Rate,2021,1075.07552850705,1430.59622540324,795.78136236671
1,All Population,5,Prevalence,53536,Abra,3,Both,23,5-14 years,630,Low back pain,3,Rate,2021,799.3961127369199,1106.46200717416,568.75205597951
1,All Population,5,Prevalence,53609,Tawi-Tawi,3,Both,23,5-14 years,630,Low back pain,3,Rate,2019,756.7071030515,1051.72197753155,524.7954006730499
1,All Population,5,Prevalence,53598,Davao Occidental,3,Both,23,5-14 years,630,Low back pain,3,Rate,2019,772.2756394118001,1087.47913714077,541.2908249066801
1,All Population,5,Prevalence,53533,Mountain Province,3,Both,23,5-14 years,630,Low back pain,3,Rate,2022,798.1341589521099,1115.93694815498,556.6652323718
1,All Population,5,Prevalence,53572,Aklan,3,Both,23,5-14 years,626,Musculoskeletal disorders,3,Rate,2020,1038.67151178066,1378.06119488625,768.84922402547
1,All Population,5,Prevalence,53572,Aklan,3,Both,23,5-14 years,630,Low back pain,3,Rate,2020,776.7248183998901,1090.70361614687,553.44915248099
1,All Population,5,Prevalence,53591,Bukidnon,3,Both,23,5-14 years,626,Musculoskeletal disorders,3,Rate,2022,1002.96949700527,1349.71658376528,730.60859883726
1,All Population,5,Prevalence,53591,Bukidnon,3,Both,23,5-14 years,630,Low back pain,3,Rate,2022,775.36543365255,1077.83786150179,547.28866791161
1,All Population,5,Prevalence,53570,Camarines Sur,3,Both,23,5-14 years,626,Musculoskeletal disorders,3,Rate,2019,1029.88694849742,1360.95873799232,755.15219833765
1,All Population,5,Prevalence,53570,Camarines Sur,3,Both,23,5-14 years,630,Low back pain,3,Rate,2019,760.27551313657,1056.4314537309501,523.70421992276
1,All Population,5,Prevalence,53542,Pangasinan,3,Both,23,5-14 years,626,Musculoskeletal disorders,3,Rate,2020,1032.31166786173,1353.59100526951,762.6204240467699
1,All Population,5,Prevalence,53542,Pangasinan,3,Both,23,5-14 years,630,Low back pain,3,Rate,2020,759.01610110059,1063.7068067505,528.45447985721
1,All Population,5,Prevalence,53604,Agusan Del Norte,3,Both,23,5-14 years,626,Musculoskeletal disorders,3,Rate,2019,1037.4626165198301,1344.22599389893,770.8923832507701
1,All Population,5,Prevalence,53604,Agusan Del Norte,3,Both,23,5-14 years,630,Low back pain,3,Rate,2019,772.53072870167,1062.11715232272,550.6219897893
1,All Population,5,Prevalence,53540,Ilocos Norte,3,Both,23,5-14 years,630,Low back pain,3,Rate,2021,802.5073571941699,1117.3192831681602,565.98981852535
1,All Population,5,Prevalence,53533,Mountain Province,3,Both,23,5-14 years,630,Low back pain,3,Rate,2021,801.8757035096099,1141.9653230655001,571.6123065455799
1,All Population,5,Prevalence,53614,National Capital Region,3,Both,23,5-14 years,626,Musculoskeletal disorders,3,Rate,2018,972.48638915794,1295.23880414661,711.35832842178
1,All Population,5,Prevalence,53614,National Capital Region,3,Both,23,5-14 years,630,Low back pain,3,Rate,2018,736.04144680465,1024.49442171235,516.70585475822
1,All Population,5,Prevalence,53603,Sarangani,3,Both,23,5-14 years,626,Musculoskeletal disorders,3,Rate,2018,1032.58339919571,1339.1009798190298,763.09231462644
1,All Population,5,Prevalence,53603,Sarangani,3,Both,23,5-14 years,630,Low back pain,3,Rate,2018,772.29861314292,1078.34602651794,549.31280978279
1,All Population,5,Prevalence,53594,Camiguin,3,Both,23,5-14 years,626,Musculoskeletal disorders,3,Rate,2021,1046.3234461927,1366.5034097005898,764.61313151045
1,All Population,5,Prevalence,53594,Camiguin,3,Both,23,5-14 years,630,Low back pain,3,Rate,2021,768.80002919814,1067.61016672087,551.6206375829601
1,All Population,5,Prevalence,53591,Bukidnon,3,Both,23,5-14 years,626,Musculoskeletal disorders,3,Rate,2021,1010.1971093502299,1335.3497526798499,752.32616042494
1,All Population,5,Prevalence,53591,Bukidnon,3,Both,23,5-14 years,630,Low back pain,3,Rate,2021,770.14276305067,1079.5264826833102,549.41506365883
1,All Population,5,Prevalence,53578,Cebu,3,Both,23,5-14 years,626,Musculoskeletal disorders,3,Rate,2022,1054.84744814859,1415.33975529113,778.0216066321
1,All Population,5,Prevalence,53578,Cebu,3,Both,23,5-14 years,630,Low back pain,3,Rate,2022,775.09693814859,1101.24983273573,541.55374714456
1,All Population,5,Prevalence,53601,Sultan Kudarat,3,Both,23,5-14 years,626,Musculoskeletal disorders,3,Rate,2017,1026.34843673287,1353.8489097606,766.3268786542
1,All Population,5,Prevalence,53601,Sultan Kudarat,3,Both,23,5-14 years,630,Low back pain,3,Rate,2017,762.35895255917,1093.37244021064,541.4028226061799
1,All Population,5,Prevalence,53544,Cagayan,3,Both,23,5-14 years,626,Musculoskeletal disorders,3,Rate,2022,1061.01338427917,1414.87546381553,779.2936385127499
1,All Population,5,Prevalence,53599,Davao Del Norte,3,Both,23,5-14 years,626,Musculoskeletal disorders,3,Rate,2016,1010.65477889749,1315.2751012883,726.02755304038
1,All Population,5,Prevalence,53599,Davao Del Norte,3,Both,23,5-14 years,630,Low back pain,3,Rate,2016,753.35220977329,1067.5337681220099,528.6528306665599
1,All Population,5,Prevalence,53600,South Cotabato,3,Both,23,5-14 years,626,Musculoskeletal disorders,3,Rate,2020,1047.65748410124,1407.5165879321999,769.78902722857
1,All Population,5,Prevalence,53600,South Cotabato,3,Both,23,5-14 years,630,Low back pain,3,Rate,2020,774.75828414672,1126.64314281164,535.2946272460699
1,All Population,5,Prevalence,53585,Leyte,3,Both,23,5-14 years,626,Musculoskeletal disorders,3,Rate,2020,1035.49040486849,1352.68536502858,761.16655458661
1,All Population,5,Prevalence,53585,Leyte,3,Both,23,5-14 years,630,Low back pain,3,Rate,2020,771.46122656797,1068.69490575061,546.22370820763
1,All Population,5,Prevalence,53545,Isabela,3,Both,23,5-14 years,626,Musculoskeletal disorders,3,Rate,2020,1042.59300560887,1384.19324624498,767.62699400774
1,All Population,5,Prevalence,53545,Isabela,3,Both,23,5-14 years,630,Low back pain,3,Rate,2020,783.51902246608,1103.8667474588701,559.20079452134
1,All Population,5,Prevalence,53612,Maguindanao,3,Both,23,5-14 years,626,Musculoskeletal disorders,3,Rate,2020,996.6627304695,1309.13677599356,722.34573734996
1,All Population,5,Prevalence,53612,Maguindanao,3,Both,23,5-14 years,630,Low back pain,3,Rate,2020,747.66273544206,1038.25806968921,525.88924200046
1,All Population,5,Prevalence,53548,Bataan,3,Both,23,5-14 years,626,Musculoskeletal disorders,3,Rate,2021,1050.64231854046,1373.1629670560399,775.4707748059
1,All Population,5,Prevalence,53548,Bataan,3,Both,23,5-14 years,630,Low back pain,3,Rate,2021,776.08224561555,1078.69008174854,549.35141406764
1,All Population,5,Prevalence,53556,Cavite,3,Both,23,5-14 years,626,Musculoskeletal disorders,3,Rate,2017,1013.47344606174,1332.81405601684,746.94919945733
1,All Population,5,Prevalence,53556,Cavite,3,Both,23,5-14 years,630,Low back pain,3,Rate,2017,742.32492382546,1057.91745835975,526.57633677661
1,All Population,5,Prevalence,53614,National Capital Region,3,Both,23,5-14 years,626,Musculoskeletal disorders,3,Rate,2017,975.2261450018399,1301.12673884737,707.51484559541
1,All Population,5,Prevalence,53614,National Capital Region,3,Both,23,5-14 years,630,Low back pain,3,Rate,2017,738.04446113438,1028.11249611269,516.51901910136
1,All Population,5,Prevalence,53560,Occidental Mindoro,3,Both,23,5-14 years,626,Musculoskeletal disorders,3,Rate,2021,1059.07298983653,1380.47742930406,775.75920219814
1,All Population,5,Prevalence,53560,Occidental Mindoro,3,Both,23,5-14 years,630,Low back pain,3,Rate,2021,783.16802344881,1085.66045170457,563.03763002445
1,All Population,5,Prevalence,53564,Marinduque,3,Both,23,5-14 years,626,Musculoskeletal disorders,3,Rate,2019,1070.77748894026,1411.7049113657101,790.1389365187
1,All Population,5,Prevalence,53564,Marinduque,3,Both,23,5-14 years,630,Low back pain,3,Rate,2019,789.96042615611,1122.02879293873,561.66585284341
1,All Population,5,Prevalence,53605,Agusan Del Sur,3,Both,23,5-14 years,626,Musculoskeletal disorders,3,Rate,2021,1050.25215202022,1382.9055443659,776.48296014846
1,All Population,5,Prevalence,53547,Batanes,3,Both,23,5-14 years,626,Musculoskeletal disorders,3,Rate,2021,1112.20129988269,1470.82555736802,809.0553005948501
1,All Population,5,Prevalence,53575,Iloilo,3,Both,23,5-14 years,626,Musculoskeletal disorders,3,Rate,2019,1022.38239499751,1358.86896224061,744.12795045778
1,All Population,5,Prevalence,53534,Ifugao,3,Both,23,5-14 years,626,Musculoskeletal disorders,3,Rate,2020,1061.37638553589,1378.07903424158,778.54998994719
1,All Population,5,Prevalence,53534,Ifugao,3,Both,23,5-14 years,630,Low back pain,3,Rate,2020,793.75826579705,1108.22175945147,564.5382235121799
1,All Population,5,Prevalence,53613,Lanao Del Sur,3,Both,23,5-14 years,630,Low back pain,3,Rate,2020,776.94952428298,1064.85981848505,539.9041464527199
1,All Population,5,Prevalence,53547,Batanes,3,Both,23,5-14 years,630,Low back pain,3,Rate,2021,824.72588046744,1176.10621184256,580.55719039186
1,All Population,5,Prevalence,53590,Misamis Occidental,3,Both,23,5-14 years,630,Low back pain,3,Rate,2017,764.16232648357,1084.43310903101,540.15253704579
1,All Population,5,Prevalence,53574,Negros Occidental,3,Both,23,5-14 years,626,Musculoskeletal disorders,3,Rate,2020,1043.50255560805,1377.57989733659,765.37333749295
1,All Population,5,Prevalence,53583,Northern Samar,3,Both,23,5-14 years,626,Musculoskeletal disorders,3,Rate,2019,1046.21048436138,1375.53454157149,764.92960841924
1,All Population,5,Prevalence,53583,Northern Samar,3,Both,23,5-14 years,630,Low back pain,3,Rate,2019,780.7105784123399,1079.36859617845,552.88904390922
1,All Population,5,Prevalence,53579,Bohol,3,Both,23,5-14 years,626,Musculoskeletal disorders,3,Rate,2020,1047.68046000021,1372.4678102993998,776.55314401263
1,All Population,5,Prevalence,53579,Bohol,3,Both,23,5-14 years,630,Low back pain,3,Rate,2020,776.7808357661601,1057.39612343291,552.20324726638
1,All Population,5,Prevalence,53600,South Cotabato,3,Both,23,5-14 years,626,Musculoskeletal disorders,3,Rate,2021,1056.37559820549,1412.23084000186,781.65226294517
1,All Population,5,Prevalence,53600,South Cotabato,3,Both,23,5-14 years,630,Low back pain,3,Rate,2021,781.7642281673301,1082.56780792809,544.00859247201
1,All Population,5,Prevalence,53553,Nueva Ecija,3,Both,23,5-14 years,626,Musculoskeletal disorders,3,Rate,2021,1050.95728854204,1375.3923724589201,777.9454236125699
1,All Population,5,Prevalence,53553,Nueva Ecija,3,Both,23,5-14 years,630,Low back pain,3,Rate,2021,775.42961203853,1076.1680707656399,558.55288165907
1,All Population,5,Prevalence,53592,Lanao Del Norte,3,Both,23,5-14 years,626,Musculoskeletal disorders,3,Rate,2020,1024.75765891598,1353.3390793169601,761.48585378874
1,All Population,5,Prevalence,53592,Lanao Del Norte,3,Both,23,5-14 years,630,Low back pain,3,Rate,2020,759.79369786565,1065.5136983886798,532.1226370189199
1,All Population,5,Prevalence,53578,Cebu,3,Both,23,5-14 years,626,Musculoskeletal disorders,3,Rate,2020,1027.06856352251,1368.37288781444,755.50103321661
1,All Population,5,Prevalence,53578,Cebu,3,Both,23,5-14 years,630,Low back pain,3,Rate,2020,753.14718129454,1069.7324008383,521.80927042017
1,All Population,5,Prevalence,53535,Benguet,3,Both,23,5-14 years,626,Musculoskeletal disorders,3,Rate,2022,1035.9151949115399,1384.3699210776601,768.1073737414999
1,All Population,5,Prevalence,53535,Benguet,3,Both,23,5-14 years,630,Low back pain,3,Rate,2022,776.59627981211,1095.5134546942,542.4217557299299
1,All Population,5,Prevalence,53575,Iloilo,3,Both,23,5-14 years,630,Low back pain,3,Rate,2016,757.16479240934,1084.93053849636,536.83051918893
1,All Population,5,Prevalence,53562,Romblon,3,Both,23,5-14 years,626,Musculoskeletal disorders,3,Rate,2021,1087.48886457715,1429.95801434119,790.00651127763
1,All Population,5,Prevalence,53562,Romblon,3,Both,23,5-14 years,630,Low back pain,3,Rate,2021,813.13145403124,1139.9814635733399,581.2629528789199
1,All Population,5,Prevalence,53535,Benguet,3,Both,23,5-14 years,626,Musculoskeletal disorders,3,Rate,2021,1032.7807671733399,1362.1014704446,767.17429165845
1,All Population,5,Prevalence,53535,Benguet,3,Both,23,5-14 years,630,Low back pain,3,Rate,2021,775.21145035173,1075.86605381258,548.22616693109
1,All Population,5,Prevalence,53542,Pangasinan,3,Both,23,5-14 years,626,Musculoskeletal disorders,3,Rate,2021,1041.25938415356,1360.51227430832,781.34399214009
1,All Population,5,Prevalence,53542,Pangasinan,3,Both,23,5-14 years,630,Low back pain,3,Rate,2021,766.53181053796,1076.56069728851,544.42004418809
1,All Population,5,Prevalence,53611,Sulu,3,Both,23,5-14 years,626,Musculoskeletal disorders,3,Rate,2019,1024.07478938187,1352.5964132648198,761.7661817593
1,All Population,5,Prevalence,53611,Sulu,3,Both,23,5-14 years,630,Low back pain,3,Rate,2019,773.43482463718,1071.20618858586,538.5725664755
1,All Population,5,Prevalence,53574,Negros Occidental,3,Both,23,5-14 years,630,Low back pain,3,Rate,2020,771.7280683752599,1074.8635815612201,558.49673781091
1,All Population,5,Prevalence,53582,Eastern Samar,3,Both,23,5-14 years,630,Low back pain,3,Rate,2021,787.8560345039999,1096.8052739662899,553.0564293789799
1,All Population,5,Prevalence,53606,Surigao Del Sur,3,Both,23,5-14 years,626,Musculoskeletal disorders,3,Rate,2021,1045.8527162644,1376.3652182026199,779.18685214962
1,All Population,5,Prevalence,53606,Surigao Del Sur,3,Both,23,5-14 years,630,Low back pain,3,Rate,2021,778.78514227328,1079.14912498997,545.98912990747
1,All Population,5,Prevalence,53572,Aklan,3,Both,23,5-14 years,626,Musculoskeletal disorders,3,Rate,2019,1026.46420424041,1362.68038403076,758.64585896492
1,All Population,5,Prevalence,53572,Aklan,3,Both,23,5-14 years,630,Low back pain,3,Rate,2019,767.34087733792,1086.56213644332,548.4042242229999
1,All Population,5,Prevalence,53568,Albay,3,Both,23,5-14 years,626,Musculoskeletal disorders,3,Rate,2021,1036.73921425995,1354.43572713667,766.30983604468
1,All Population,5,Prevalence,53566,Camarines Norte,3,Both,23,5-14 years,626,Musculoskeletal disorders,3,Rate,2019,1016.6476055058099,1357.61434447606,756.78633803984
1,All Population,5,Prevalence,53566,Camarines Norte,3,Both,23,5-14 years,630,Low back pain,3,Rate,2019,765.54493210743,1087.51450882454,535.25164807032
1,All Population,5,Prevalence,53547,Batanes,3,Both,23,5-14 years,626,Musculoskeletal disorders,3,Rate,2020,1104.16522000041,1471.97901861417,799.9046896762501
1,All Population,5,Prevalence,53593,Misamis Oriental,3,Both,23,5-14 years,626,Musculoskeletal disorders,3,Rate,2022,1030.14257954651,1379.0614710377702,773.58862195086
1,All Population,5,Prevalence,53593,Misamis Oriental,3,Both,23,5-14 years,630,Low back pain,3,Rate,2022,772.33767873455,1068.3358184399,544.2307150994101
1,All Population,5,Prevalence,53568,Albay,3,Both,23,5-14 years,630,Low back pain,3,Rate,2021,772.5168926038799,1089.1615749124599,549.53530682949
1,All Population,5,Prevalence,53582,Eastern Samar,3,Both,23,5-14 years,626,Musculoskeletal disorders,3,Rate,2018,1062.93025035011,1395.45392986858,802.80465442166
1,All Population,5,Prevalence,53569,Masbate,3,Both,23,5-14 years,626,Musculoskeletal disorders,3,Rate,2018,1050.4182231787,1374.25144326282,787.50723058621
1,All Population,5,Prevalence,53569,Masbate,3,Both,23,5-14 years,630,Low back pain,3,Rate,2018,783.8472787477501,1100.7323927059902,552.2766639377301
1,All Population,5,Prevalence,53593,Misamis Oriental,3,Both,23,5-14 years,626,Musculoskeletal disorders,3,Rate,2021,1024.40258133722,1365.10148042338,752.7272461425
1,All Population,5,Prevalence,53593,Misamis Oriental,3,Both,23,5-14 years,630,Low back pain,3,Rate,2021,765.2042276915901,1068.4964969391199,543.96010757647
1,All Population,5,Prevalence,53549,Zambales,3,Both,23,5-14 years,626,Musculoskeletal disorders,3,Rate,2021,1068.4020226186599,1416.86320721715,789.56008858694
1,All Population,5,Prevalence,53549,Zambales,3,Both,23,5-14 years,630,Low back pain,3,Rate,2021,789.26370957571,1096.49694412999,554.80605687491
1,All Population,5,Prevalence,53547,Batanes,3,Both,23,5-14 years,630,Low back pain,3,Rate,2020,818.30051801935,1169.39758916131,571.67254375391
1,All Population,5,Prevalence,53590,Misamis Occidental,3,Both,23,5-14 years,626,Musculoskeletal disorders,3,Rate,2019,1041.3484009835402,1365.88326720375,772.63223439966
1,All Population,5,Prevalence,53577,Negros Oriental,3,Both,23,5-14 years,626,Musculoskeletal disorders,3,Rate,2019,1028.52973101993,1350.62320511514,771.29015086041
1,All Population,5,Prevalence,53577,Negros Oriental,3,Both,23,5-14 years,630,Low back pain,3,Rate,2019,771.13202575451,1097.3375759939802,544.36572401986
1,All Population,5,Prevalence,53564,Marinduque,3,Both,23,5-14 years,626,Musculoskeletal disorders,3,Rate,2021,1095.2749484615601,1437.6478566098401,805.22220622418
1,All Population,5,Prevalence,53564,Marinduque,3,Both,23,5-14 years,630,Low back pain,3,Rate,2021,808.63238920638,1141.69311532931,570.90375646237
1,All Population,5,Prevalence,53559,Quezon,3,Both,23,5-14 years,626,Musculoskeletal disorders,3,Rate,2022,1073.34337667363,1440.52290330661,778.0190016123399
1,All Population,5,Prevalence,53580,Siquijor,3,Both,23,5-14 years,626,Musculoskeletal disorders,3,Rate,2022,1095.5365363286,1452.10994697812,820.34235164702
1,All Population,5,Prevalence,53580,Siquijor,3,Both,23,5-14 years,630,Low back pain,3,Rate,2022,811.93665495686,1109.3726782224298,574.51821221638
1,All Population,5,Prevalence,53601,Sultan Kudarat,3,Both,23,5-14 years,626,Musculoskeletal disorders,3,Rate,2016,1030.3519584753,1363.0993338497399,765.88977704047
1,All Population,5,Prevalence,53601,Sultan Kudarat,3,Both,23,5-14 years,630,Low back pain,3,Rate,2016,766.40156894803,1090.58115630437,544.15358414794
1,All Population,5,Prevalence,53559,Quezon,3,Both,23,5-14 years,626,Musculoskeletal disorders,3,Rate,2021,1066.07169330897,1383.47492199012,781.7981578361499
1,All Population,5,Prevalence,53587,Zamboanga Sibugay,3,Both,23,5-14 years,626,Musculoskeletal disorders,3,Rate,2020,1041.9778679000701,1361.81997563713,772.80678163682
1,All Population,5,Prevalence,53587,Zamboanga Sibugay,3,Both,23,5-14 years,630,Low back pain,3,Rate,2020,773.05071155045,1071.45502092014,549.54402126875
1,All Population,5,Prevalence,16,Philippines,3,Both,23,5-14 years,626,Musculoskeletal disorders,3,Rate,2022,1045.0055258520601,1367.4169164998,768.88413288543
1,All Population,5,Prevalence,16,Philippines,3,Both,23,5-14 years,630,Low back pain,3,Rate,2022,777.28960563099,1097.09142465552,552.86581291243
1,All Population,5,Prevalence,53567,Sorsogon,3,Both,23,5-14 years,626,Musculoskeletal disorders,3,Rate,2017,1047.54732099622,1393.09057847212,780.39506832912
1,All Population,5,Prevalence,53613,Lanao Del Sur,3,Both,23,5-14 years,626,Musculoskeletal disorders,3,Rate,2021,1044.10189310796,1371.41918372165,766.0101841755501
1,All Population,5,Prevalence,53556,Cavite,3,Both,23,5-14 years,626,Musculoskeletal disorders,3,Rate,2018,1013.48132114379,1337.5293244795698,742.33958948331
1,All Population,5,Prevalence,53556,Cavite,3,Both,23,5-14 years,630,Low back pain,3,Rate,2018,742.0256494472,1057.11836129435,529.08443298826
1,All Population,5,Prevalence,53603,Sarangani,3,Both,23,5-14 years,626,Musculoskeletal disorders,3,Rate,2017,1032.34974194452,1342.10278994487,764.9521887851299
1,All Population,5,Prevalence,53603,Sarangani,3,Both,23,5-14 years,630,Low back pain,3,Rate,2017,772.74407863427,1084.72428685914,549.03778907105
1,All Population,5,Prevalence,53605,Agusan Del Sur,3,Both,23,5-14 years,630,Low back pain,3,Rate,2018,766.64239603994,1070.92098044861,548.5537232898799
1,All Population,5,Prevalence,53596,Davao de Oro,3,Both,23,5-14 years,626,Musculoskeletal disorders,3,Rate,2021,1036.04219610047,1361.07605007597,757.20325962449
1,All Population,5,Prevalence,53596,Davao de Oro,3,Both,23,5-14 years,630,Low back pain,3,Rate,2021,782.30890562195,1109.34253122185,556.2570858791701
1,All Population,5,Prevalence,53607,Surigao Del Norte,3,Both,23,5-14 years,626,Musculoskeletal disorders,3,Rate,2021,1046.8097485738801,1376.3669499948899,781.97223043925
1,All Population,5,Prevalence,53607,Surigao Del Norte,3,Both,23,5-14 years,630,Low back pain,3,Rate,2021,773.83567861517,1100.6460323031602,548.6798201335799
1,All Population,5,Prevalence,53581,Southern Leyte,3,Both,23,5-14 years,626,Musculoskeletal disorders,3,Rate,2020,1022.6802138184399,1360.77266915561,745.6029807068401
1,All Population,5,Prevalence,53558,Batangas,3,Both,23,5-14 years,626,Musculoskeletal disorders,3,Rate,2017,1018.8619233489101,1334.64016806957,747.3398689433001
1,All Population,5,Prevalence,53558,Batangas,3,Both,23,5-14 years,630,Low back pain,3,Rate,2017,746.98777249239,1041.64894045352,520.92143863422
1,All Population,5,Prevalence,53555,Rizal,3,Both,23,5-14 years,626,Musculoskeletal disorders,3,Rate,2021,1034.04330152986,1351.8252192433101,761.43191830709
1,All Population,5,Prevalence,53555,Rizal,3,Both,23,5-14 years,630,Low back pain,3,Rate,2021,756.60969491506,1055.73167138689,530.05659293384
1,All Population,5,Prevalence,53582,Eastern Samar,3,Both,23,5-14 years,626,Musculoskeletal disorders,3,Rate,2017,1063.3013251888,1396.84645852479,796.6284051496301
1,All Population,5,Prevalence,53581,Southern Leyte,3,Both,23,5-14 years,630,Low back pain,3,Rate,2020,789.3819077513599,1108.08247155329,555.74799493634
1,All Population,5,Prevalence,53555,Rizal,3,Both,23,5-14 years,626,Musculoskeletal disorders,3,Rate,2022,1041.2292547378001,1358.39048219489,764.25377024687
1,All Population,5,Prevalence,53555,Rizal,3,Both,23,5-14 years,630,Low back pain,3,Rate,2022,762.71116740519,1069.39548508575,535.47641605173
1,All Population,5,Prevalence,53544,Cagayan,3,Both,23,5-14 years,630,Low back pain,3,Rate,2022,802.8558282903799,1126.78171455485,554.50855418557
1,All Population,5,Prevalence,53546,Quirino,3,Both,23,5-14 years,626,Musculoskeletal disorders,3,Rate,2022,1092.13889979255,1440.5352923496,796.51596017841
1,All Population,5,Prevalence,53546,Quirino,3,Both,23,5-14 years,630,Low back pain,3,Rate,2022,804.0561365860999,1127.15122122698,567.00882148766
1,All Population,5,Prevalence,53595,Davao Oriental,3,Both,23,5-14 years,626,Musculoskeletal disorders,3,Rate,2021,1059.89669522323,1399.0015017374599,788.14116055988
1,All Population,5,Prevalence,53595,Davao Oriental,3,Both,23,5-14 years,630,Low back pain,3,Rate,2021,802.5086166364799,1129.46431444323,572.6276086899
1,All Population,5,Prevalence,53560,Occidental Mindoro,3,Both,23,5-14 years,626,Musculoskeletal disorders,3,Rate,2022,1059.89429744167,1394.32198293805,782.88273538658
1,All Population,5,Prevalence,53560,Occidental Mindoro,3,Both,23,5-14 years,630,Low back pain,3,Rate,2022,783.9399971019401,1057.08726801022,560.59924071016
1,All Population,5,Prevalence,53582,Eastern Samar,3,Both,23,5-14 years,630,Low back pain,3,Rate,2022,782.2826030016901,1102.30020846377,538.36328099229
1,All Population,5,Prevalence,53548,Bataan,3,Both,23,5-14 years,626,Musculoskeletal disorders,3,Rate,2022,1059.4118222473,1401.92856924886,780.0207635458701
1,All Population,5,Prevalence,53548,Bataan,3,Both,23,5-14 years,630,Low back pain,3,Rate,2022,782.7381629311001,1078.59890933219,554.2703133254499
1,All Population,5,Prevalence,53553,Nueva Ecija,3,Both,23,5-14 years,626,Musculoskeletal disorders,3,Rate,2020,1044.16931164652,1374.88864850704,776.72402920459
1,All Population,5,Prevalence,53553,Nueva Ecija,3,Both,23,5-14 years,630,Low back pain,3,Rate,2020,769.7889037848,1066.99810691007,552.50052396295
1,All Population,5,Prevalence,53602,Cotabato (North Cotabato),3,Both,23,5-14 years,626,Musculoskeletal disorders,3,Rate,2021,1036.54186880696,1357.82772618112,770.6699048100401
1,All Population,5,Prevalence,53584,Samar (Western Samar),3,Both,23,5-14 years,626,Musculoskeletal disorders,3,Rate,2018,1053.2328675582899,1375.3208625139,778.64116513631
1,All Population,5,Prevalence,53584,Samar (Western Samar),3,Both,23,5-14 years,630,Low back pain,3,Rate,2018,785.9178520465899,1119.36540366174,560.27510521067
1,All Population,5,Prevalence,53602,Cotabato (North Cotabato),3,Both,23,5-14 years,626,Musculoskeletal disorders,3,Rate,2022,1029.98560549382,1356.20399123585,761.13502657178
1,All Population,5,Prevalence,53602,Cotabato (North Cotabato),3,Both,23,5-14 years,630,Low back pain,3,Rate,2022,766.334519401,1072.8981210232,538.14259376039
1,All Population,5,Prevalence,53602,Cotabato (North Cotabato),3,Both,23,5-14 years,630,Low back pain,3,Rate,2021,770.67070982949,1078.2965225361,547.93228464981
1,All Population,5,Prevalence,53613,Lanao Del Sur,3,Both,23,5-14 years,626,Musculoskeletal disorders,3,Rate,2022,1046.7690369262,1373.32036149549,768.96746347746
1,All Population,5,Prevalence,53544,Cagayan,3,Both,23,5-14 years,630,Low back pain,3,Rate,2021,793.17974569232,1121.5777507146,550.76454560938
1,All Population,5,Prevalence,53536,Abra,3,Both,23,5-14 years,626,Musculoskeletal disorders,3,Rate,2021,1069.94239000664,1395.47388614518,785.71845979651
1,All Population,5,Prevalence,53549,Zambales,3,Both,23,5-14 years,626,Musculoskeletal disorders,3,Rate,2022,1075.5831251582601,1418.74578884345,795.0130606948101
1,All Population,5,Prevalence,53549,Zambales,3,Both,23,5-14 years,630,Low back pain,3,Rate,2022,794.8039045418799,1107.1058491403498,564.98325907959
1,All Population,5,Prevalence,53607,Surigao Del Norte,3,Both,23,5-14 years,626,Musculoskeletal disorders,3,Rate,2022,1051.4127457002098,1398.1965851432699,787.6948868656201
1,All Population,5,Prevalence,53607,Surigao Del Norte,3,Both,23,5-14 years,630,Low back pain,3,Rate,2022,778.26267328105,1107.93742407148,545.63464810264
1,All Population,5,Prevalence,53606,Surigao Del Sur,3,Both,23,5-14 years,626,Musculoskeletal disorders,3,Rate,2022,1049.6314104177,1383.76292653008,776.35889552671
1,All Population,5,Prevalence,53606,Surigao Del Sur,3,Both,23,5-14 years,630,Low back pain,3,Rate,2022,782.2880978032499,1109.6628666951199,561.6778471927599
1,All Population,5,Prevalence,53605,Agusan Del Sur,3,Both,23,5-14 years,626,Musculoskeletal disorders,3,Rate,2020,1039.19850111067,1366.97203481621,761.05057348966
1,All Population,5,Prevalence,53609,Tawi-Tawi,3,Both,23,5-14 years,626,Musculoskeletal disorders,3,Rate,2021,1025.1331358074601,1351.74564056321,759.64133827544
1,All Population,5,Prevalence,53595,Davao Oriental,3,Both,23,5-14 years,626,Musculoskeletal disorders,3,Rate,2022,1054.29075322166,1397.88017799216,778.0974367234401
1,All Population,5,Prevalence,53595,Davao Oriental,3,Both,23,5-14 years,630,Low back pain,3,Rate,2022,805.69678208617,1121.6467103651698,573.78465423899
1,All Population,5,Prevalence,53594,Camiguin,3,Both,23,5-14 years,626,Musculoskeletal disorders,3,Rate,2020,1034.8884895545,1366.19978981275,751.51712224804
1,All Population,5,Prevalence,53594,Camiguin,3,Both,23,5-14 years,630,Low back pain,3,Rate,2020,759.5692714304399,1089.68372963501,537.3107534972901
1,All Population,5,Prevalence,53536,Abra,3,Both,23,5-14 years,630,Low back pain,3,Rate,2020,796.64176739266,1108.7477593958,552.5100497201901
1,All Population,5,Prevalence,53561,Oriental Mindoro,3,Both,23,5-14 years,626,Musculoskeletal disorders,3,Rate,2022,1073.27849906152,1399.87886333774,785.85788534456
1,All Population,5,Prevalence,53561,Oriental Mindoro,3,Both,23,5-14 years,630,Low back pain,3,Rate,2022,793.7793271030001,1082.60364640743,559.01656212186
1,All Population,5,Prevalence,53613,Lanao Del Sur,3,Both,23,5-14 years,626,Musculoskeletal disorders,3,Rate,2020,1038.20661391405,1339.56033949635,764.9990329628499
1,All Population,5,Prevalence,53604,Agusan Del Norte,3,Both,23,5-14 years,626,Musculoskeletal disorders,3,Rate,2021,1059.97001784426,1380.89777568024,782.6031541424001
1,All Population,5,Prevalence,53604,Agusan Del Norte,3,Both,23,5-14 years,630,Low back pain,3,Rate,2021,789.1588295712199,1099.17516401116,565.0875241190099
1,All Population,5,Prevalence,53568,Albay,3,Both,23,5-14 years,626,Musculoskeletal disorders,3,Rate,2022,1048.3172730132399,1410.05790879646,783.90162231134
1,All Population,5,Prevalence,53557,Laguna,3,Both,23,5-14 years,626,Musculoskeletal disorders,3,Rate,2022,1043.40532349456,1366.49310664733,768.99980136821
1,All Population,5,Prevalence,53557,Laguna,3,Both,23,5-14 years,630,Low back pain,3,Rate,2022,766.04484279747,1066.91866321963,537.53714601398
1,All Population,5,Prevalence,53596,Davao de Oro,3,Both,23,5-14 years,626,Musculoskeletal disorders,3,Rate,2022,1039.16594018864,1355.03714222408,757.98568102871
1,All Population,5,Prevalence,53596,Davao de Oro,3,Both,23,5-14 years,630,Low back pain,3,Rate,2022,787.12577456399,1113.52589072816,553.80636581733
1,All Population,5,Prevalence,53604,Agusan Del Norte,3,Both,23,5-14 years,626,Musculoskeletal disorders,3,Rate,2022,1068.93766072258,1422.4088593534,783.74176111508
1,All Population,5,Prevalence,53604,Agusan Del Norte,3,Both,23,5-14 years,630,Low back pain,3,Rate,2022,796.00361136032,1100.37032723514,569.2914053918
1,All Population,5,Prevalence,53613,Lanao Del Sur,3,Both,23,5-14 years,630,Low back pain,3,Rate,2019,771.40561154831,1067.0301773163,539.02535709278
1,All Population,5,Prevalence,53551,Pampanga,3,Both,23,5-14 years,626,Musculoskeletal disorders,3,Rate,2021,1051.44240782986,1363.3128861571101,790.48745166637
1,All Population,5,Prevalence,53551,Pampanga,3,Both,23,5-14 years,630,Low back pain,3,Rate,2021,770.26932232608,1083.13035598286,555.47569008349
1,All Population,5,Prevalence,53560,Occidental Mindoro,3,Both,23,5-14 years,626,Musculoskeletal disorders,3,Rate,2020,1054.69063713847,1381.4985956904,774.6105796516999
1,All Population,5,Prevalence,53560,Occidental Mindoro,3,Both,23,5-14 years,630,Low back pain,3,Rate,2020,779.81047866508,1108.68353660867,545.35636903378
1,All Population,5,Prevalence,53568,Albay,3,Both,23,5-14 years,630,Low back pain,3,Rate,2022,775.71231999971,1069.79328377824,547.73490325972
1,All Population,5,Prevalence,53609,Tawi-Tawi,3,Both,23,5-14 years,630,Low back pain,3,Rate,2021,763.26048391925,1067.96891442859,542.28588490277
1,All Population,5,Prevalence,53575,Iloilo,3,Both,23,5-14 years,626,Musculoskeletal disorders,3,Rate,2021,1040.00512581266,1379.79363608892,766.9408461538401
1,All Population,5,Prevalence,53563,Palawan,3,Both,23,5-14 years,626,Musculoskeletal disorders,3,Rate,2022,1079.2370970274299,1433.18000952744,792.9526472883599
1,All Population,5,Prevalence,53563,Palawan,3,Both,23,5-14 years,630,Low back pain,3,Rate,2022,802.17945604366,1128.85092826543,565.4240324046
1,All Population,5,Prevalence,53607,Surigao Del Norte,3,Both,23,5-14 years,626,Musculoskeletal disorders,3,Rate,2020,1040.31344856841,1362.53038238677,770.8611595527
1,All Population,5,Prevalence,53607,Surigao Del Norte,3,Both,23,5-14 years,630,Low back pain,3,Rate,2020,768.20886111214,1076.94547477573,546.48242437977
1,All Population,5,Prevalence,53569,Masbate,3,Both,23,5-14 years,626,Musculoskeletal disorders,3,Rate,2017,1045.88325670467,1371.2170796725,778.00720349099
1,All Population,5,Prevalence,53569,Masbate,3,Both,23,5-14 years,630,Low back pain,3,Rate,2017,780.78221926603,1109.3147711961499,552.01171054608
1,All Population,5,Prevalence,53550,Tarlac,3,Both,23,5-14 years,626,Musculoskeletal disorders,3,Rate,2022,1062.0408270339,1405.06983839399,784.2934577915601
1,All Population,5,Prevalence,53550,Tarlac,3,Both,23,5-14 years,630,Low back pain,3,Rate,2022,781.1714816187799,1121.10180909578,547.92607612368
1,All Population,5,Prevalence,53537,Apayao,3,Both,23,5-14 years,626,Musculoskeletal disorders,3,Rate,2019,1064.03180205138,1381.25332739382,791.8328862913901
1,All Population,5,Prevalence,53537,Apayao,3,Both,23,5-14 years,630,Low back pain,3,Rate,2019,797.7753844312299,1119.7892296110901,566.3955437939001
1,All Population,5,Prevalence,53571,Capiz,3,Both,23,5-14 years,626,Musculoskeletal disorders,3,Rate,2018,1030.14862133337,1356.6392295742698,765.8873858987599
1,All Population,5,Prevalence,53571,Capiz,3,Both,23,5-14 years,630,Low back pain,3,Rate,2018,766.36302206738,1080.7891458009601,545.71654066503
1,All Population,5,Prevalence,53562,Romblon,3,Both,23,5-14 years,626,Musculoskeletal disorders,3,Rate,2022,1082.4103562108899,1427.6877460588998,774.22651430019
1,All Population,5,Prevalence,53562,Romblon,3,Both,23,5-14 years,630,Low back pain,3,Rate,2022,813.95420036113,1121.7714669524898,568.88128691091
1,All Population,5,Prevalence,53608,Dinagat Islands,3,Both,23,5-14 years,626,Musculoskeletal disorders,3,Rate,2022,1059.31417341733,1403.69600541366,795.2108889739301
1,All Population,5,Prevalence,53608,Dinagat Islands,3,Both,23,5-14 years,630,Low back pain,3,Rate,2022,783.3593078790601,1099.2776434130901,548.2771083339101
1,All Population,5,Prevalence,53584,Samar (Western Samar),3,Both,23,5-14 years,626,Musculoskeletal disorders,3,Rate,2019,1048.2861992289602,1376.26792927615,768.63365010066
1,All Population,5,Prevalence,53584,Samar (Western Samar),3,Both,23,5-14 years,630,Low back pain,3,Rate,2019,782.74769766329,1104.84908919282,550.24844562003
1,All Population,5,Prevalence,53552,Bulacan,3,Both,23,5-14 years,626,Musculoskeletal disorders,3,Rate,2016,1021.5601755255301,1327.00290737296,752.2764036866499
1,All Population,5,Prevalence,53598,Davao Occidental,3,Both,23,5-14 years,630,Low back pain,3,Rate,2021,788.42082593345,1092.4229161476499,558.64463008803
1,All Population,5,Prevalence,53575,Iloilo,3,Both,23,5-14 years,626,Musculoskeletal disorders,3,Rate,2022,1049.00973978043,1381.40413932289,776.1139180058
1,All Population,5,Prevalence,53558,Batangas,3,Both,23,5-14 years,626,Musculoskeletal disorders,3,Rate,2018,1022.36274695542,1327.6659380328401,748.8670184707099
1,All Population,5,Prevalence,53558,Batangas,3,Both,23,5-14 years,630,Low back pain,3,Rate,2018,749.16034786525,1054.33334691868,527.84619615954
1,All Population,5,Prevalence,53565,Catanduanes,3,Both,23,5-14 years,626,Musculoskeletal disorders,3,Rate,2022,1066.53904399415,1400.49174167232,795.77035933326
1,All Population,5,Prevalence,53565,Catanduanes,3,Both,23,5-14 years,630,Low back pain,3,Rate,2022,793.2230515159301,1097.05715112024,555.70848628648
1,All Population,5,Prevalence,53589,Zamboanga Del Sur,3,Both,23,5-14 years,626,Musculoskeletal disorders,3,Rate,2020,1036.0572855078199,1368.23644767936,765.23907051755
1,All Population,5,Prevalence,53589,Zamboanga Del Sur,3,Both,23,5-14 years,630,Low back pain,3,Rate,2020,767.50201474495,1058.74571452656,528.4061826793201
1,All Population,5,Prevalence,53557,Laguna,3,Both,23,5-14 years,626,Musculoskeletal disorders,3,Rate,2021,1038.11693797256,1364.22555095149,767.1669528067399
1,All Population,5,Prevalence,53557,Laguna,3,Both,23,5-14 years,630,Low back pain,3,Rate,2021,762.5359755947301,1053.5322351013401,534.27153396743
1,All Population,5,Prevalence,53551,Pampanga,3,Both,23,5-14 years,626,Musculoskeletal disorders,3,Rate,2022,1061.10431443228,1387.82149377255,793.1115798525301
1,All Population,5,Prevalence,53551,Pampanga,3,Both,23,5-14 years,630,Low back pain,3,Rate,2022,778.47395853418,1068.8819351749398,553.6349486541101
1,All Population,5,Prevalence,53570,Camarines Sur,3,Both,23,5-14 years,626,Musculoskeletal disorders,3,Rate,2021,1035.56230461692,1354.4810935573,755.62388217151
1,All Population,5,Prevalence,53570,Camarines Sur,3,Both,23,5-14 years,630,Low back pain,3,Rate,2021,764.31287703234,1067.73507891446,543.84535654178
1,All Population,5,Prevalence,53597,Davao Del Sur,3,Both,23,5-14 years,626,Musculoskeletal disorders,3,Rate,2022,1061.7892516848801,1422.7550333379402,780.62493993733
1,All Population,5,Prevalence,53597,Davao Del Sur,3,Both,23,5-14 years,630,Low back pain,3,Rate,2022,783.2555295154401,1091.08623759652,557.77403265435
1,All Population,5,Prevalence,53564,Marinduque,3,Both,23,5-14 years,626,Musculoskeletal disorders,3,Rate,2022,1105.2624299759,1449.89300020456,811.10244782326
1,All Population,5,Prevalence,53564,Marinduque,3,Both,23,5-14 years,630,Low back pain,3,Rate,2022,816.589273857,1160.70972513653,575.5300276279601
1,All Population,5,Prevalence,53552,Bulacan,3,Both,23,5-14 years,630,Low back pain,3,Rate,2022,773.00425397227,1107.6599852050501,542.22735958991
1,All Population,5,Prevalence,53576,Guimaras,3,Both,23,5-14 years,626,Musculoskeletal disorders,3,Rate,2022,1075.12988013144,1400.0823338523398,801.96210903978
1,All Population,5,Prevalence,53576,Guimaras,3,Both,23,5-14 years,630,Low back pain,3,Rate,2022,797.15762800969,1100.7451857820902,557.24312109174
1,All Population,5,Prevalence,53598,Davao Occidental,3,Both,23,5-14 years,630,Low back pain,3,Rate,2022,796.95261439771,1097.77853306864,568.4563860439
1,All Population,5,Prevalence,53583,Northern Samar,3,Both,23,5-14 years,626,Musculoskeletal disorders,3,Rate,2021,1042.56895713103,1385.76603837698,767.15365076203
1,All Population,5,Prevalence,53583,Northern Samar,3,Both,23,5-14 years,630,Low back pain,3,Rate,2021,779.46857927259,1077.53148901763,557.42369731259
1,All Population,5,Prevalence,53610,Basilan,3,Both,23,5-14 years,626,Musculoskeletal disorders,3,Rate,2022,1015.58826378966,1372.26230837608,744.47201984691
1,All Population,5,Prevalence,53539,La Union,3,Both,23,5-14 years,626,Musculoskeletal disorders,3,Rate,2019,1044.6288271231501,1376.46101523734,784.8376860543099
1,All Population,5,Prevalence,53577,Negros Oriental,3,Both,23,5-14 years,626,Musculoskeletal disorders,3,Rate,2021,1033.4906822272699,1371.53691266546,775.2781252941
1,All Population,5,Prevalence,53577,Negros Oriental,3,Both,23,5-14 years,630,Low back pain,3,Rate,2021,777.12103237102,1075.4859580815,555.60489547114
1,All Population,5,Prevalence,53609,Tawi-Tawi,3,Both,23,5-14 years,626,Musculoskeletal disorders,3,Rate,2022,1032.8576284476899,1348.09234712238,774.3983740616001
1,All Population,5,Prevalence,53537,Apayao,3,Both,23,5-14 years,626,Musculoskeletal disorders,3,Rate,2018,1057.4434829117101,1386.08314577337,785.61829606362
1,All Population,5,Prevalence,53537,Apayao,3,Both,23,5-14 years,630,Low back pain,3,Rate,2018,791.8805164299399,1110.79628097051,563.62203514112
1,All Population,5,Prevalence,53577,Negros Oriental,3,Both,23,5-14 years,626,Musculoskeletal disorders,3,Rate,2022,1033.96065781774,1390.97345030016,767.31038294243
1,All Population,5,Prevalence,53577,Negros Oriental,3,Both,23,5-14 years,630,Low back pain,3,Rate,2022,779.99682112389,1077.76646940769,550.5302765701899
1,All Population,5,Prevalence,53586,Biliran,3,Both,23,5-14 years,626,Musculoskeletal disorders,3,Rate,2018,1032.4884578025399,1360.79850457627,777.48374635724
1,All Population,5,Prevalence,53586,Biliran,3,Both,23,5-14 years,630,Low back pain,3,Rate,2018,761.30021353409,1060.16459822655,532.3767382091299
1,All Population,5,Prevalence,53609,Tawi-Tawi,3,Both,23,5-14 years,630,Low back pain,3,Rate,2022,768.93823984662,1089.05223198781,546.53206023455
1,All Population,5,Prevalence,53539,La Union,3,Both,23,5-14 years,630,Low back pain,3,Rate,2019,772.63419284898,1099.10712242027,548.51783395192
1,All Population,5,Prevalence,53554,Aurora,3,Both,23,5-14 years,626,Musculoskeletal disorders,3,Rate,2016,1040.2433978554002,1383.38930541521,773.00479945523
1,All Population,5,Prevalence,53570,Camarines Sur,3,Both,23,5-14 years,626,Musculoskeletal disorders,3,Rate,2022,1038.0712698735001,1365.4493414962099,763.84808476949
1,All Population,5,Prevalence,53570,Camarines Sur,3,Both,23,5-14 years,630,Low back pain,3,Rate,2022,766.0126587884699,1099.3171732266298,534.46409465908
1,All Population,5,Prevalence,53611,Sulu,3,Both,23,5-14 years,626,Musculoskeletal disorders,3,Rate,2021,1045.12031293027,1377.6534294380701,769.23037889133
1,All Population,5,Prevalence,53611,Sulu,3,Both,23,5-14 years,630,Low back pain,3,Rate,2021,788.28803455305,1096.64433936564,553.70399852692
1,All Population,5,Prevalence,53554,Aurora,3,Both,23,5-14 years,630,Low back pain,3,Rate,2016,770.48901774918,1088.14075640759,532.41565920337
1,All Population,5,Prevalence,53610,Basilan,3,Both,23,5-14 years,630,Low back pain,3,Rate,2022,765.9324065647199,1098.75052709785,529.44257765566
1,All Population,5,Prevalence,53573,Antique,3,Both,23,5-14 years,626,Musculoskeletal disorders,3,Rate,2019,1025.69430183242,1351.55574201462,745.55277356182
1,All Population,5,Prevalence,53573,Antique,3,Both,23,5-14 years,630,Low back pain,3,Rate,2019,765.51523943932,1064.739958683,529.62173113644
1,All Population,5,Prevalence,53559,Quezon,3,Both,23,5-14 years,630,Low back pain,3,Rate,2022,793.9422638882099,1103.5738107079499,543.08361516822
1,All Population,5,Prevalence,53536,Abra,3,Both,23,5-14 years,626,Musculoskeletal disorders,3,Rate,2022,1069.12309087294,1401.23376443858,779.5444955358699
1,All Population,5,Prevalence,53605,Agusan Del Sur,3,Both,23,5-14 years,630,Low back pain,3,Rate,2017,765.1032132037101,1072.79494616323,547.47687229751
1,All Population,5,Prevalence,53571,Capiz,3,Both,23,5-14 years,626,Musculoskeletal disorders,3,Rate,2017,1029.20751903839,1358.1998612095201,765.7118020858301
1,All Population,5,Prevalence,53571,Capiz,3,Both,23,5-14 years,630,Low back pain,3,Rate,2017,765.21445000739,1093.7380270394399,540.63789160697
1,All Population,5,Prevalence,53573,Antique,3,Both,23,5-14 years,626,Musculoskeletal disorders,3,Rate,2018,1020.31217694026,1346.60609495219,736.83357933634
1,All Population,5,Prevalence,53573,Antique,3,Both,23,5-14 years,630,Low back pain,3,Rate,2018,760.9234135901901,1054.3223522482501,528.88060315305
1,All Population,5,Prevalence,53611,Sulu,3,Both,23,5-14 years,626,Musculoskeletal disorders,3,Rate,2022,1054.06540920153,1382.77318167867,771.6284029769199
1,All Population,5,Prevalence,53611,Sulu,3,Both,23,5-14 years,630,Low back pain,3,Rate,2022,795.33425251436,1099.18654214266,561.63942241294
1,All Population,5,Prevalence,53586,Biliran,3,Both,23,5-14 years,626,Musculoskeletal disorders,3,Rate,2019,1038.0160130762101,1346.36125610628,780.89969702534
1,All Population,5,Prevalence,53586,Biliran,3,Both,23,5-14 years,630,Low back pain,3,Rate,2019,765.32883520398,1060.83358361347,541.23554259894
1,All Population,5,Prevalence,53612,Maguindanao,3,Both,23,5-14 years,626,Musculoskeletal disorders,3,Rate,2022,1024.73511159385,1348.63502450993,756.58916416308
1,All Population,5,Prevalence,53612,Maguindanao,3,Both,23,5-14 years,630,Low back pain,3,Rate,2022,769.32963796834,1064.46541398494,532.0969468456
1,All Population,5,Prevalence,53579,Bohol,3,Both,23,5-14 years,626,Musculoskeletal disorders,3,Rate,2022,1055.78987389754,1424.8331989057099,778.05078423998
1,All Population,5,Prevalence,53579,Bohol,3,Both,23,5-14 years,630,Low back pain,3,Rate,2022,786.30833101625,1091.0273117622999,558.69959845295
1,All Population,5,Prevalence,53590,Misamis Occidental,3,Both,23,5-14 years,626,Musculoskeletal disorders,3,Rate,2022,1044.9518235467299,1378.48172155055,775.37124871701
1,All Population,5,Prevalence,53559,Quezon,3,Both,23,5-14 years,630,Low back pain,3,Rate,2021,788.07476977945,1090.50026138668,543.26873946767
1,All Population,5,Prevalence,53572,Aklan,3,Both,23,5-14 years,626,Musculoskeletal disorders,3,Rate,2022,1056.05952380723,1423.66074265412,781.6048930718199
1,All Population,5,Prevalence,53572,Aklan,3,Both,23,5-14 years,630,Low back pain,3,Rate,2022,788.58760111059,1109.5682956421601,557.25655217088
1,All Population,5,Prevalence,53541,Ilocos Sur,3,Both,23,5-14 years,626,Musculoskeletal disorders,3,Rate,2019,1064.04209856363,1389.55203981911,790.7568079280401
1,All Population,5,Prevalence,53541,Ilocos Sur,3,Both,23,5-14 years,630,Low back pain,3,Rate,2019,786.51133383405,1093.91652350652,554.77062073728
1,All Population,5,Prevalence,53583,Northern Samar,3,Both,23,5-14 years,626,Musculoskeletal disorders,3,Rate,2022,1037.87038540443,1384.28354168604,771.04366844345
1,All Population,5,Prevalence,53583,Northern Samar,3,Both,23,5-14 years,630,Low back pain,3,Rate,2022,777.3480415239401,1082.7376958023299,547.72072242868
1,All Population,5,Prevalence,53538,Kalinga,3,Both,23,5-14 years,626,Musculoskeletal disorders,3,Rate,2022,1078.97742319956,1405.45366247956,783.1398105576801
1,All Population,5,Prevalence,53538,Kalinga,3,Both,23,5-14 years,630,Low back pain,3,Rate,2022,801.47727861245,1120.75183992939,558.8129779363601
1,All Population,5,Prevalence,53566,Camarines Norte,3,Both,23,5-14 years,626,Musculoskeletal disorders,3,Rate,2022,1050.41267188542,1387.98140007893,783.17107497722
1,All Population,5,Prevalence,53566,Camarines Norte,3,Both,23,5-14 years,630,Low back pain,3,Rate,2022,780.97387425564,1093.32241529998,544.8873256939701
1,All Population,5,Prevalence,53588,Zamboanga Del Norte,3,Both,23,5-14 years,626,Musculoskeletal disorders,3,Rate,2018,1024.43918566962,1341.9833371962102,750.54975533764
1,All Population,5,Prevalence,53588,Zamboanga Del Norte,3,Both,23,5-14 years,630,Low back pain,3,Rate,2018,760.52009876968,1064.00234161085,533.5910400232
1,All Population,5,Prevalence,53574,Negros Occidental,3,Both,23,5-14 years,626,Musculoskeletal disorders,3,Rate,2022,1049.4816940252101,1381.0743306261202,776.8708600134801
1,All Population,5,Prevalence,53575,Iloilo,3,Both,23,5-14 years,630,Low back pain,3,Rate,2018,757.9725767398601,1064.25820229739,534.71404553857
1,All Population,5,Prevalence,53581,Southern Leyte,3,Both,23,5-14 years,626,Musculoskeletal disorders,3,Rate,2022,1058.5384877181,1407.05990772564,768.63538201331
1,All Population,5,Prevalence,53574,Negros Occidental,3,Both,23,5-14 years,630,Low back pain,3,Rate,2022,776.70532856334,1086.07395127372,543.7424569689999
1,All Population,5,Prevalence,53539,La Union,3,Both,23,5-14 years,626,Musculoskeletal disorders,3,Rate,2018,1039.01144646527,1368.96649991097,778.78086606528
1,All Population,5,Prevalence,53581,Southern Leyte,3,Both,23,5-14 years,630,Low back pain,3,Rate,2022,787.27455791255,1103.77699365948,555.27908118173
1,All Population,5,Prevalence,53534,Ifugao,3,Both,23,5-14 years,626,Musculoskeletal disorders,3,Rate,2022,1051.45006888052,1408.98226904769,771.9953064014
1,All Population,5,Prevalence,53534,Ifugao,3,Both,23,5-14 years,630,Low back pain,3,Rate,2022,784.56617687644,1113.87645619144,553.99852340214
1,All Population,5,Prevalence,53585,Leyte,3,Both,23,5-14 years,626,Musculoskeletal disorders,3,Rate,2022,1035.20548054408,1368.48304848898,759.50528840172
1,All Population,5,Prevalence,53585,Leyte,3,Both,23,5-14 years,630,Low back pain,3,Rate,2022,773.05858770584,1081.25572975059,539.9623115197401
1,All Population,5,Prevalence,53613,Lanao Del Sur,3,Both,23,5-14 years,630,Low back pain,3,Rate,2022,784.5852967528599,1083.2316052404299,547.40171587104
1,All Population,5,Prevalence,53552,Bulacan,3,Both,23,5-14 years,626,Musculoskeletal disorders,3,Rate,2018,1022.24814075756,1350.3066243041799,744.50484355711
1,All Population,5,Prevalence,53540,Ilocos Norte,3,Both,23,5-14 years,626,Musculoskeletal disorders,3,Rate,2022,1074.38384656444,1425.39150174108,780.33849597406
1,All Population,5,Prevalence,53592,Lanao Del Norte,3,Both,23,5-14 years,626,Musculoskeletal disorders,3,Rate,2022,1032.4820530254399,1375.1012692192799,755.97681825122
1,All Population,5,Prevalence,53592,Lanao Del Norte,3,Both,23,5-14 years,630,Low back pain,3,Rate,2022,773.15972524112,1098.15672362469,539.5345912102
1,All Population,5,Prevalence,53539,La Union,3,Both,23,5-14 years,630,Low back pain,3,Rate,2018,768.14347102762,1076.18992729138,548.28561528648
1,All Population,5,Prevalence,53598,Davao Occidental,3,Both,23,5-14 years,626,Musculoskeletal disorders,3,Rate,2022,1063.76973660482,1411.82744523219,797.78556373338
1,All Population,5,Prevalence,53588,Zamboanga Del Norte,3,Both,23,5-14 years,626,Musculoskeletal disorders,3,Rate,2019,1027.79771046177,1348.6582818242,752.1868517177
1,All Population,5,Prevalence,53575,Iloilo,3,Both,23,5-14 years,630,Low back pain,3,Rate,2019,762.04466910776,1063.17611871524,533.63834890826
1,All Population,5,Prevalence,53588,Zamboanga Del Norte,3,Both,23,5-14 years,630,Low back pain,3,Rate,2019,762.57720535848,1062.23407403331,528.6130381009999
1,All Population,5,Prevalence,53587,Zamboanga Sibugay,3,Both,23,5-14 years,626,Musculoskeletal disorders,3,Rate,2022,1063.05627455378,1397.12608828469,802.07189191741
1,All Population,5,Prevalence,53587,Zamboanga Sibugay,3,Both,23,5-14 years,630,Low back pain,3,Rate,2022,791.80617224494,1107.95644426428,570.6904029419501
1,All Population,5,Prevalence,53540,Ilocos Norte,3,Both,23,5-14 years,630,Low back pain,3,Rate,2022,802.50208638946,1129.12349106115,570.28628250157
1,All Population,5,Prevalence,53543,Nueva Vizcaya,3,Both,23,5-14 years,626,Musculoskeletal disorders,3,Rate,2019,1026.32469367066,1370.47517767729,762.29182996876
1,All Population,5,Prevalence,53543,Nueva Vizcaya,3,Both,23,5-14 years,630,Low back pain,3,Rate,2019,766.89016834798,1054.62180111355,539.7198362923
1,All Population,5,Prevalence,53553,Nueva Ecija,3,Both,23,5-14 years,626,Musculoskeletal disorders,3,Rate,2022,1056.82443409756,1388.9722080304,788.5463632081501
1,All Population,5,Prevalence,53553,Nueva Ecija,3,Both,23,5-14 years,630,Low back pain,3,Rate,2022,780.44481254887,1080.50683169222,557.04070737631
1,All Population,5,Prevalence,53601,Sultan Kudarat,3,Both,23,5-14 years,626,Musculoskeletal disorders,3,Rate,2020,1040.56924683326,1343.43992016283,771.4663006681
1,All Population,5,Prevalence,53601,Sultan Kudarat,3,Both,23,5-14 years,630,Low back pain,3,Rate,2020,770.2986695055,1085.63729623935,542.84971934752
1,All Population,5,Prevalence,53554,Aurora,3,Both,23,5-14 years,626,Musculoskeletal disorders,3,Rate,2020,1068.6909190564702,1402.0320542864101,774.58160089566
1,All Population,5,Prevalence,53599,Davao Del Norte,3,Both,23,5-14 years,626,Musculoskeletal disorders,3,Rate,2019,1021.39077671857,1357.4295552712201,737.58257608976
1,All Population,5,Prevalence,53599,Davao Del Norte,3,Both,23,5-14 years,630,Low back pain,3,Rate,2019,759.49726431107,1072.68173546619,534.75852365566
1,All Population,5,Prevalence,53545,Isabela,3,Both,23,5-14 years,626,Musculoskeletal disorders,3,Rate,2022,1062.76447340972,1404.72226856459,785.69601736231
1,All Population,5,Prevalence,53545,Isabela,3,Both,23,5-14 years,630,Low back pain,3,Rate,2022,795.9983748381701,1127.72835819412,560.92914858237
1,All Population,5,Prevalence,53554,Aurora,3,Both,23,5-14 years,630,Low back pain,3,Rate,2020,790.35558933936,1089.46856072701,562.96853147391
1,All Population,5,Prevalence,53590,Misamis Occidental,3,Both,23,5-14 years,630,Low back pain,3,Rate,2020,771.0521256573701,1077.20396801247,541.72762544122
1,All Population,5,Prevalence,53589,Zamboanga Del Sur,3,Both,23,5-14 years,626,Musculoskeletal disorders,3,Rate,2022,1059.64949990931,1385.25250119501,789.62796143248
1,All Population,5,Prevalence,53589,Zamboanga Del Sur,3,Both,23,5-14 years,630,Low back pain,3,Rate,2022,785.4604278327499,1102.03996085989,551.78463905594
1,All Population,5,Prevalence,53541,Ilocos Sur,3,Both,23,5-14 years,626,Musculoskeletal disorders,3,Rate,2018,1053.99203480158,1369.69220451102,791.1835954301199
1,All Population,5,Prevalence,53541,Ilocos Sur,3,Both,23,5-14 years,630,Low back pain,3,Rate,2018,778.81550650324,1088.12781194048,556.12245459836
1,All Population,5,Prevalence,53594,Camiguin,3,Both,23,5-14 years,626,Musculoskeletal disorders,3,Rate,2022,1058.03662891463,1383.41317061945,783.97438323536
1,All Population,5,Prevalence,53594,Camiguin,3,Both,23,5-14 years,630,Low back pain,3,Rate,2022,778.52691774914,1077.82502928349,555.69135476031
1,All Population,5,Prevalence,53536,Abra,3,Both,23,5-14 years,630,Low back pain,3,Rate,2022,798.203887174,1101.68215213098,571.08825663248
1,All Population,5,Prevalence,53590,Misamis Occidental,3,Both,23,5-14 years,630,Low back pain,3,Rate,2019,768.31226930332,1081.4166028315299,543.0058957490401
1,All Population,5,Prevalence,53547,Batanes,3,Both,23,5-14 years,626,Musculoskeletal disorders,3,Rate,2022,1112.6941038061,1463.76265784003,816.0272693496
1,All Population,5,Prevalence,53600,South Cotabato,3,Both,23,5-14 years,626,Musculoskeletal disorders,3,Rate,2022,1062.5066617907898,1400.0393873549099,791.5105493141001
1,All Population,5,Prevalence,53600,South Cotabato,3,Both,23,5-14 years,630,Low back pain,3,Rate,2022,786.89683078855,1090.10688976804,551.1469950263601
1,All Population,5,Prevalence,53547,Batanes,3,Both,23,5-14 years,630,Low back pain,3,Rate,2022,825.75464392941,1173.78669648082,584.97941598927
1,All Population,5,Prevalence,53543,Nueva Vizcaya,3,Both,23,5-14 years,626,Musculoskeletal disorders,3,Rate,2020,1031.4664442557,1388.56619517601,762.76345454119
1,All Population,5,Prevalence,53543,Nueva Vizcaya,3,Both,23,5-14 years,630,Low back pain,3,Rate,2020,771.34177019415,1069.89384596615,537.80788073423
1,All Population,5,Prevalence,53552,Bulacan,3,Both,23,5-14 years,626,Musculoskeletal disorders,3,Rate,2019,1028.97607623617,1358.06109471538,750.94212778451
1,All Population,5,Prevalence,53605,Agusan Del Sur,3,Both,23,5-14 years,626,Musculoskeletal disorders,3,Rate,2022,1058.67368689981,1405.6163018341,784.4355220929199
1,All Population,5,Prevalence,53542,Pangasinan,3,Both,23,5-14 years,626,Musculoskeletal disorders,3,Rate,2022,1048.9564461459502,1375.94371487935,788.30026663665
1,All Population,5,Prevalence,53542,Pangasinan,3,Both,23,5-14 years,630,Low back pain,3,Rate,2022,773.29028985846,1074.2650559692902,546.2803167347599
1,All Population,5,Prevalence,53554,Aurora,3,Both,23,5-14 years,626,Musculoskeletal disorders,3,Rate,2018,1045.77340601636,1379.77645278504,772.34909513703
1,All Population,5,Prevalence,53599,Davao Del Norte,3,Both,23,5-14 years,626,Musculoskeletal disorders,3,Rate,2018,1013.5046890875301,1349.3083182334,728.7398942473301
1,All Population,5,Prevalence,53599,Davao Del Norte,3,Both,23,5-14 years,630,Low back pain,3,Rate,2018,754.24926278012,1070.79694885857,530.05186235486
1,All Population,5,Prevalence,53614,National Capital Region,3,Both,23,5-14 years,626,Musculoskeletal disorders,3,Rate,2020,979.20788755375,1287.34225204877,722.33662004652
1,All Population,5,Prevalence,53614,National Capital Region,3,Both,23,5-14 years,630,Low back pain,3,Rate,2020,741.4178462301,1030.32788692942,524.98365610873
1,All Population,5,Prevalence,53603,Sarangani,3,Both,23,5-14 years,626,Musculoskeletal disorders,3,Rate,2020,1039.4224532107498,1343.86695042162,777.3449197015
1,All Population,5,Prevalence,53603,Sarangani,3,Both,23,5-14 years,630,Low back pain,3,Rate,2020,776.6129739089499,1078.5293523629,549.91279581141
1,All Population,5,Prevalence,53556,Cavite,3,Both,23,5-14 years,626,Musculoskeletal disorders,3,Rate,2020,1021.54838913994,1341.32063506012,753.15146416203
1,All Population,5,Prevalence,53556,Cavite,3,Both,23,5-14 years,630,Low back pain,3,Rate,2020,747.26620482952,1065.77813597485,525.80631815097
1,All Population,5,Prevalence,53567,Sorsogon,3,Both,23,5-14 years,626,Musculoskeletal disorders,3,Rate,2020,1032.40429702163,1389.7283327053,767.9497908797799
1,All Population,5,Prevalence,53601,Sultan Kudarat,3,Both,23,5-14 years,626,Musculoskeletal disorders,3,Rate,2019,1031.37251320178,1341.5381953106298,762.7815935703201
1,All Population,5,Prevalence,53601,Sultan Kudarat,3,Both,23,5-14 years,630,Low back pain,3,Rate,2019,764.09102622454,1082.66950997156,537.53966337034
1,All Population,5,Prevalence,53567,Sorsogon,3,Both,23,5-14 years,626,Musculoskeletal disorders,3,Rate,2019,1034.8924750543101,1386.27427994494,771.7977019237
1,All Population,5,Prevalence,53537,Apayao,3,Both,23,5-14 years,626,Musculoskeletal disorders,3,Rate,2021,1075.4998262539,1395.3551368317,814.19626146805
1,All Population,5,Prevalence,53537,Apayao,3,Both,23,5-14 years,630,Low back pain,3,Rate,2021,806.4033875624099,1117.4049543874198,576.32703188393
1,All Population,5,Prevalence,53554,Aurora,3,Both,23,5-14 years,626,Musculoskeletal disorders,3,Rate,2019,1055.60024715599,1389.91557376829,769.892633735
1,All Population,5,Prevalence,53584,Samar (Western Samar),3,Both,23,5-14 years,626,Musculoskeletal disorders,3,Rate,2021,1038.76741822047,1373.18269080455,768.40140456009
1,All Population,5,Prevalence,53584,Samar (Western Samar),3,Both,23,5-14 years,630,Low back pain,3,Rate,2021,777.70660632779,1107.24858558214,551.59128294298
1,All Population,5,Prevalence,53569,Masbate,3,Both,23,5-14 years,626,Musculoskeletal disorders,3,Rate,2019,1055.69451873512,1381.23478588807,791.4277018143199
1,All Population,5,Prevalence,53569,Masbate,3,Both,23,5-14 years,630,Low back pain,3,Rate,2019,787.5049784894201,1106.93992870276,554.98313851966
1,All Population,5,Prevalence,53573,Antique,3,Both,23,5-14 years,626,Musculoskeletal disorders,3,Rate,2021,1041.05152863365,1367.91818961612,765.1535744662
1,All Population,5,Prevalence,53573,Antique,3,Both,23,5-14 years,630,Low back pain,3,Rate,2021,776.8274482637199,1099.42551741178,541.1652874181
1,All Population,5,Prevalence,53554,Aurora,3,Both,23,5-14 years,630,Low back pain,3,Rate,2019,781.0903439187,1082.97394631677,555.82716845504
1,All Population,5,Prevalence,53558,Batangas,3,Both,23,5-14 years,626,Musculoskeletal disorders,3,Rate,2020,1031.9695693552299,1349.59595875164,760.62930911576
1,All Population,5,Prevalence,53558,Batangas,3,Both,23,5-14 years,630,Low back pain,3,Rate,2020,755.63070495924,1045.3418738625098,535.6319607476
1,All Population,5,Prevalence,53614,National Capital Region,3,Both,23,5-14 years,626,Musculoskeletal disorders,3,Rate,2019,973.61464149473,1286.90244432394,715.71168299492
1,All Population,5,Prevalence,53614,National Capital Region,3,Both,23,5-14 years,630,Low back pain,3,Rate,2019,737.03655374964,1024.7189997259202,520.51395709587
1,All Population,5,Prevalence,53603,Sarangani,3,Both,23,5-14 years,626,Musculoskeletal disorders,3,Rate,2019,1034.99260631212,1339.602001998,770.53369512631
1,All Population,5,Prevalence,53603,Sarangani,3,Both,23,5-14 years,630,Low back pain,3,Rate,2019,773.59064243395,1074.1687797847198,549.11778182824
1,All Population,5,Prevalence,53552,Bulacan,3,Both,23,5-14 years,626,Musculoskeletal disorders,3,Rate,2021,1047.86907560379,1374.68509977292,770.63183789623
1,All Population,5,Prevalence,53582,Eastern Samar,3,Both,23,5-14 years,626,Musculoskeletal disorders,3,Rate,2020,1058.8578175642,1391.63387865502,794.95010952585
1,All Population,5,Prevalence,53586,Biliran,3,Both,23,5-14 years,626,Musculoskeletal disorders,3,Rate,2021,1058.5359487051298,1382.64114273029,803.7969594180599
1,All Population,5,Prevalence,53586,Biliran,3,Both,23,5-14 years,630,Low back pain,3,Rate,2021,780.26604140889,1098.0475064508498,551.63596660512
1,All Population,5,Prevalence,53571,Capiz,3,Both,23,5-14 years,626,Musculoskeletal disorders,3,Rate,2019,1036.77878774348,1362.32642491216,772.07117738779
1,All Population,5,Prevalence,53571,Capiz,3,Both,23,5-14 years,630,Low back pain,3,Rate,2019,771.57070343852,1075.07725225976,546.45149626101
1,All Population,5,Prevalence,53575,Iloilo,3,Both,23,5-14 years,630,Low back pain,3,Rate,2021,775.9562007864599,1087.9863361795,550.94049501825
1,All Population,5,Prevalence,53605,Agusan Del Sur,3,Both,23,5-14 years,630,Low back pain,3,Rate,2020,777.44117736439,1073.81739618101,543.8609855672399
1,All Population,5,Prevalence,53539,La Union,3,Both,23,5-14 years,626,Musculoskeletal disorders,3,Rate,2021,1055.9843249544501,1378.37753164201,790.57473039759
1,All Population,5,Prevalence,53539,La Union,3,Both,23,5-14 years,630,Low back pain,3,Rate,2021,781.73602815384,1108.2649792703698,550.29386085346
1,All Population,5,Prevalence,53605,Agusan Del Sur,3,Both,23,5-14 years,630,Low back pain,3,Rate,2019,770.84804295745,1076.28697117156,548.07117430699
1,All Population,5,Prevalence,53569,Masbate,3,Both,23,5-14 years,626,Musculoskeletal disorders,3,Rate,2020,1059.75453407968,1397.93506032234,788.7649622891299
1,All Population,5,Prevalence,53569,Masbate,3,Both,23,5-14 years,630,Low back pain,3,Rate,2020,790.3503131856501,1114.26582590122,557.5695254104301
1,All Population,5,Prevalence,53556,Cavite,3,Both,23,5-14 years,626,Musculoskeletal disorders,3,Rate,2019,1016.2131261030501,1338.2490838564402,746.0952072372299
1,All Population,5,Prevalence,53556,Cavite,3,Both,23,5-14 years,630,Low back pain,3,Rate,2019,743.70386689087,1053.4861023717199,528.50947536698
1,All Population,5,Prevalence,53567,Sorsogon,3,Both,23,5-14 years,626,Musculoskeletal disorders,3,Rate,2021,1033.15387987294,1347.3676636846799,762.59048688548
1,All Population,5,Prevalence,53588,Zamboanga Del Norte,3,Both,23,5-14 years,626,Musculoskeletal disorders,3,Rate,2021,1036.03614752664,1366.97052272015,762.5435608456
1,All Population,5,Prevalence,53599,Davao Del Norte,3,Both,23,5-14 years,626,Musculoskeletal disorders,3,Rate,2021,1049.69396047531,1381.28686556146,761.56325949088
1,All Population,5,Prevalence,53599,Davao Del Norte,3,Both,23,5-14 years,630,Low back pain,3,Rate,2021,780.34559129005,1103.7810637339799,549.39222266311
1,All Population,5,Prevalence,53588,Zamboanga Del Norte,3,Both,23,5-14 years,630,Low back pain,3,Rate,2021,768.58724590307,1093.04292130481,536.9482459138301
1,All Population,5,Prevalence,53584,Samar (Western Samar),3,Both,23,5-14 years,626,Musculoskeletal disorders,3,Rate,2020,1043.8982709085901,1374.63522641301,760.54264965047
1,All Population,5,Prevalence,53584,Samar (Western Samar),3,Both,23,5-14 years,630,Low back pain,3,Rate,2020,779.9860269445101,1102.14552534769,543.59775563071
1,All Population,5,Prevalence,53582,Eastern Samar,3,Both,23,5-14 years,626,Musculoskeletal disorders,3,Rate,2019,1061.8314434468998,1391.2271060344801,805.53153870529
1,All Population,5,Prevalence,53571,Capiz,3,Both,23,5-14 years,626,Musculoskeletal disorders,3,Rate,2020,1045.1628008837702,1368.93634700431,778.76821488466
1,All Population,5,Prevalence,53571,Capiz,3,Both,23,5-14 years,630,Low back pain,3,Rate,2020,777.81885666906,1073.55641403967,544.74568877219
1,All Population,5,Prevalence,53537,Apayao,3,Both,23,5-14 years,626,Musculoskeletal disorders,3,Rate,2020,1070.7558989937202,1404.98835377955,795.59655767302
1,All Population,5,Prevalence,53537,Apayao,3,Both,23,5-14 years,630,Low back pain,3,Rate,2020,803.18535044979,1121.0302707802,569.2737733811699
1,All Population,5,Prevalence,53554,Aurora,3,Both,23,5-14 years,626,Musculoskeletal disorders,3,Rate,2021,1082.69565633851,1411.69629597536,796.5932058027901
1,All Population,5,Prevalence,53599,Davao Del Norte,3,Both,23,5-14 years,626,Musculoskeletal disorders,3,Rate,2020,1033.80822455014,1373.27890991347,750.17295117112
1,All Population,5,Prevalence,53599,Davao Del Norte,3,Both,23,5-14 years,630,Low back pain,3,Rate,2020,768.28149657124,1078.41265415359,542.19606149931
1,All Population,5,Prevalence,53554,Aurora,3,Both,23,5-14 years,630,Low back pain,3,Rate,2021,800.6704565164899,1112.34388030389,569.19537496368
1,All Population,5,Prevalence,53569,Masbate,3,Both,23,5-14 years,626,Musculoskeletal disorders,3,Rate,2021,1060.79751411591,1379.4532602652798,786.56344238175
1,All Population,5,Prevalence,53569,Masbate,3,Both,23,5-14 years,630,Low back pain,3,Rate,2021,791.6100875524401,1106.02357716088,553.5444508987699
1,All Population,5,Prevalence,53614,National Capital Region,3,Both,23,5-14 years,626,Musculoskeletal disorders,3,Rate,2021,990.57752093894,1295.37930894391,725.88078624349
1,All Population,5,Prevalence,53614,National Capital Region,3,Both,23,5-14 years,630,Low back pain,3,Rate,2021,751.24470115297,1059.34141522542,535.2550014198699
1,All Population,5,Prevalence,53586,Biliran,3,Both,23,5-14 years,626,Musculoskeletal disorders,3,Rate,2020,1047.52012941969,1353.8413374990998,786.6479825553199
1,All Population,5,Prevalence,53586,Biliran,3,Both,23,5-14 years,630,Low back pain,3,Rate,2020,772.17663789505,1066.4281833019,551.58249205445
1,All Population,5,Prevalence,53541,Ilocos Sur,3,Both,23,5-14 years,626,Musculoskeletal disorders,3,Rate,2021,1074.52705980479,1404.44177150872,797.8826305356099
1,All Population,5,Prevalence,53541,Ilocos Sur,3,Both,23,5-14 years,630,Low back pain,3,Rate,2021,797.30808919092,1111.8309931103101,559.63272241859
1,All Population,5,Prevalence,53554,Aurora,3,Both,23,5-14 years,626,Musculoskeletal disorders,3,Rate,2022,1093.31089149565,1434.21644231375,829.1523200787
1,All Population,5,Prevalence,53590,Misamis Occidental,3,Both,23,5-14 years,630,Low back pain,3,Rate,2021,772.93191088456,1093.50120466648,541.6172482238
1,All Population,5,Prevalence,53554,Aurora,3,Both,23,5-14 years,630,Low back pain,3,Rate,2022,808.4375037875799,1117.81707554711,568.73265395718
1,All Population,5,Prevalence,53558,Batangas,3,Both,23,5-14 years,626,Musculoskeletal disorders,3,Rate,2019,1027.10665964336,1336.51472660642,754.76227705385
1,All Population,5,Prevalence,53558,Batangas,3,Both,23,5-14 years,630,Low back pain,3,Rate,2019,752.30535266407,1051.15352030907,535.76150164156
1,All Population,5,Prevalence,53590,Misamis Occidental,3,Both,23,5-14 years,630,Low back pain,3,Rate,2022,772.27076543839,1086.50869811181,542.85966137799
1,All Population,5,Prevalence,53543,Nueva Vizcaya,3,Both,23,5-14 years,626,Musculoskeletal disorders,3,Rate,2022,1045.26204372872,1402.96024975944,759.86637999709
1,All Population,5,Prevalence,53543,Nueva Vizcaya,3,Both,23,5-14 years,630,Low back pain,3,Rate,2022,780.45345876649,1080.10627165019,546.41591655795
1,All Population,5,Prevalence,53601,Sultan Kudarat,3,Both,23,5-14 years,626,Musculoskeletal disorders,3,Rate,2022,1061.2244480581398,1403.4281139775799,789.1151539569499
1,All Population,5,Prevalence,53601,Sultan Kudarat,3,Both,23,5-14 years,630,Low back pain,3,Rate,2022,786.3603415160001,1106.11435520486,541.07328507437
1,All Population,5,Prevalence,53539,La Union,3,Both,23,5-14 years,626,Musculoskeletal disorders,3,Rate,2020,1050.5709369777599,1383.85465906009,787.75281061812
1,All Population,5,Prevalence,53601,Sultan Kudarat,3,Both,23,5-14 years,626,Musculoskeletal disorders,3,Rate,2021,1052.10156706058,1361.42924927222,783.94090063859
1,All Population,5,Prevalence,53601,Sultan Kudarat,3,Both,23,5-14 years,630,Low back pain,3,Rate,2021,779.16718332225,1096.24401667564,534.8770470552
1,All Population,5,Prevalence,53588,Zamboanga Del Norte,3,Both,23,5-14 years,626,Musculoskeletal disorders,3,Rate,2020,1032.0330702123501,1357.7509751493599,754.7843540182901
1,All Population,5,Prevalence,53552,Bulacan,3,Both,23,5-14 years,626,Musculoskeletal disorders,3,Rate,2020,1038.01078479517,1377.79860653505,759.1666851584799
1,All Population,5,Prevalence,53571,Capiz,3,Both,23,5-14 years,626,Musculoskeletal disorders,3,Rate,2021,1052.37236539376,1389.61743597872,784.69579049413
1,All Population,5,Prevalence,53571,Capiz,3,Both,23,5-14 years,630,Low back pain,3,Rate,2021,783.31296213713,1098.57566361748,555.12420495629
1,All Population,5,Prevalence,53588,Zamboanga Del Norte,3,Both,23,5-14 years,630,Low back pain,3,Rate,2020,765.42247038395,1064.9673206613,529.08925158203
1,All Population,5,Prevalence,53573,Antique,3,Both,23,5-14 years,626,Musculoskeletal disorders,3,Rate,2020,1034.05107114578,1366.2833784383902,749.9714315971701
1,All Population,5,Prevalence,53573,Antique,3,Both,23,5-14 years,630,Low back pain,3,Rate,2020,771.88551995488,1074.10361639638,533.77584042491
1,All Population,5,Prevalence,53539,La Union,3,Both,23,5-14 years,630,Low back pain,3,Rate,2020,777.2492933421499,1101.2158436811499,548.76631288359
1,All Population,5,Prevalence,53567,Sorsogon,3,Both,23,5-14 years,626,Musculoskeletal disorders,3,Rate,2022,1034.53275511695,1362.5010898278902,773.78703868852
1,All Population,5,Prevalence,53556,Cavite,3,Both,23,5-14 years,626,Musculoskeletal disorders,3,Rate,2021,1028.54822106498,1345.81746433677,757.52123635546
1,All Population,5,Prevalence,53556,Cavite,3,Both,23,5-14 years,630,Low back pain,3,Rate,2021,752.47833934121,1051.26863836771,538.96562449564
1,All Population,5,Prevalence,53556,Cavite,3,Both,23,5-14 years,626,Musculoskeletal disorders,3,Rate,2022,1035.29769514795,1365.3366149009498,763.87693211553
1,All Population,5,Prevalence,53556,Cavite,3,Both,23,5-14 years,630,Low back pain,3,Rate,2022,757.42611854562,1070.23742039003,534.94990980961
1,All Population,5,Prevalence,53543,Nueva Vizcaya,3,Both,23,5-14 years,626,Musculoskeletal disorders,3,Rate,2021,1039.50259973663,1370.29172761531,764.32660892811
1,All Population,5,Prevalence,53543,Nueva Vizcaya,3,Both,23,5-14 years,630,Low back pain,3,Rate,2021,776.9615740086,1075.65465717231,547.96639229954
1,All Population,5,Prevalence,53603,Sarangani,3,Both,23,5-14 years,626,Musculoskeletal disorders,3,Rate,2021,1046.4672458738398,1353.60803567404,777.4977462534899
1,All Population,5,Prevalence,53603,Sarangani,3,Both,23,5-14 years,630,Low back pain,3,Rate,2021,782.72943725223,1097.6302810871,551.77235299187
1,All Population,5,Prevalence,53614,National Capital Region,3,Both,23,5-14 years,626,Musculoskeletal disorders,3,Rate,2022,1004.3342647424901,1323.5485436454499,725.69360494843
1,All Population,5,Prevalence,53614,National Capital Region,3,Both,23,5-14 years,630,Low back pain,3,Rate,2022,762.74028785073,1070.03599901381,541.3113974212799
1,All Population,5,Prevalence,53582,Eastern Samar,3,Both,23,5-14 years,626,Musculoskeletal disorders,3,Rate,2021,1051.83331006413,1384.81344130532,781.8547982313399
1,All Population,5,Prevalence,53605,Agusan Del Sur,3,Both,23,5-14 years,630,Low back pain,3,Rate,2021,785.8470395404399,1084.76742101946,556.14606435971
1,All Population,5,Prevalence,53541,Ilocos Sur,3,Both,23,5-14 years,626,Musculoskeletal disorders,3,Rate,2020,1072.74302038542,1401.97873570927,785.70648155017
1,All Population,5,Prevalence,53541,Ilocos Sur,3,Both,23,5-14 years,630,Low back pain,3,Rate,2020,793.23845480266,1115.84858422092,552.50351153828
1,All Population,5,Prevalence,53558,Batangas,3,Both,23,5-14 years,626,Musculoskeletal disorders,3,Rate,2022,1039.59945031827,1373.96438479478,773.5953579550301
1,All Population,5,Prevalence,53558,Batangas,3,Both,23,5-14 years,630,Low back pain,3,Rate,2022,761.86572863486,1065.05356917799,537.0002901637699
1,All Population,5,Prevalence,53603,Sarangani,3,Both,23,5-14 years,626,Musculoskeletal disorders,3,Rate,2022,1053.05795591584,1388.41842829603,776.10668249377
1,All Population,5,Prevalence,53603,Sarangani,3,Both,23,5-14 years,630,Low back pain,3,Rate,2022,788.59788100697,1103.39748432469,545.61972326232
1,All Population,5,Prevalence,53569,Masbate,3,Both,23,5-14 years,626,Musculoskeletal disorders,3,Rate,2022,1057.34272571221,1403.91297932625,772.64715741063
1,All Population,5,Prevalence,53569,Masbate,3,Both,23,5-14 years,630,Low back pain,3,Rate,2022,789.4757418976699,1086.03389987256,547.45965209088
1,All Population,5,Prevalence,53558,Batangas,3,Both,23,5-14 years,626,Musculoskeletal disorders,3,Rate,2021,1036.57628650411,1367.513322088,767.52074977676
1,All Population,5,Prevalence,53558,Batangas,3,Both,23,5-14 years,630,Low back pain,3,Rate,2021,759.35461804547,1043.4535668805,537.7357365896199
1,All Population,5,Prevalence,53575,Iloilo,3,Both,23,5-14 years,630,Low back pain,3,Rate,2020,767.93331515331,1060.90822712818,534.4257952975901
1,All Population,5,Prevalence,53582,Eastern Samar,3,Both,23,5-14 years,626,Musculoskeletal disorders,3,Rate,2022,1041.39389950661,1373.55299191168,769.89016634824
1,All Population,5,Prevalence,53571,Capiz,3,Both,23,5-14 years,626,Musculoskeletal disorders,3,Rate,2022,1053.9627605179799,1395.44149035982,776.6103434175401
1,All Population,5,Prevalence,53571,Capiz,3,Both,23,5-14 years,630,Low back pain,3,Rate,2022,784.53876089338,1099.9379873590801,557.91210559094
1,All Population,5,Prevalence,53605,Agusan Del Sur,3,Both,23,5-14 years,630,Low back pain,3,Rate,2022,792.1966502181899,1124.22738930572,559.70328121067
1,All Population,5,Prevalence,53573,Antique,3,Both,23,5-14 years,626,Musculoskeletal disorders,3,Rate,2022,1042.8977736643599,1388.808754618,774.19125744354
1,All Population,5,Prevalence,53573,Antique,3,Both,23,5-14 years,630,Low back pain,3,Rate,2022,777.6603681174901,1106.94996251145,543.6530439504301
1,All Population,5,Prevalence,53552,Bulacan,3,Both,23,5-14 years,626,Musculoskeletal disorders,3,Rate,2022,1056.012613303,1394.4086394272601,774.84869896237
1,All Population,5,Prevalence,53584,Samar (Western Samar),3,Both,23,5-14 years,626,Musculoskeletal disorders,3,Rate,2022,1031.80608275811,1377.55493716128,772.88088466281
1,All Population,5,Prevalence,53584,Samar (Western Samar),3,Both,23,5-14 years,630,Low back pain,3,Rate,2022,773.9567690952,1081.5094909979,540.87790537995
1,All Population,5,Prevalence,53537,Apayao,3,Both,23,5-14 years,626,Musculoskeletal disorders,3,Rate,2022,1075.49258722133,1385.4106571444202,807.0120172756999
1,All Population,5,Prevalence,53537,Apayao,3,Both,23,5-14 years,630,Low back pain,3,Rate,2022,805.7843296789199,1106.68919327511,576.25411575718
1,All Population,5,Prevalence,53599,Davao Del Norte,3,Both,23,5-14 years,626,Musculoskeletal disorders,3,Rate,2022,1064.24524134243,1395.20344787768,775.6679692525399
1,All Population,5,Prevalence,53599,Davao Del Norte,3,Both,23,5-14 years,630,Low back pain,3,Rate,2022,791.42546679742,1099.85126382105,558.6681385961999
1,All Population,5,Prevalence,53575,Iloilo,3,Both,23,5-14 years,630,Low back pain,3,Rate,2022,782.78520489327,1110.66971546791,550.55962369601
1,All Population,5,Prevalence,53586,Biliran,3,Both,23,5-14 years,626,Musculoskeletal disorders,3,Rate,2022,1067.2587593590802,1420.1208062782,799.6681048881101
1,All Population,5,Prevalence,53586,Biliran,3,Both,23,5-14 years,630,Low back pain,3,Rate,2022,786.3751687104001,1118.58232291572,551.49714169936
1,All Population,5,Prevalence,53539,La Union,3,Both,23,5-14 years,626,Musculoskeletal disorders,3,Rate,2022,1059.1557900750302,1399.39966862249,777.70767136908
1,All Population,5,Prevalence,53539,La Union,3,Both,23,5-14 years,630,Low back pain,3,Rate,2022,784.4403712158,1101.52154344361,551.1543000865
1,All Population,5,Prevalence,53588,Zamboanga Del Norte,3,Both,23,5-14 years,626,Musculoskeletal disorders,3,Rate,2022,1037.4950592236,1379.23706921336,776.505667222
1,All Population,5,Prevalence,53588,Zamboanga Del Norte,3,Both,23,5-14 years,630,Low back pain,3,Rate,2022,769.81584518029,1082.89226587644,537.8348748408
1,All Population,5,Prevalence,53541,Ilocos Sur,3,Both,23,5-14 years,626,Musculoskeletal disorders,3,Rate,2022,1070.96996514224,1423.77138609893,784.94906701667
1,All Population,5,Prevalence,53541,Ilocos Sur,3,Both,23,5-14 years,630,Low back pain,3,Rate,2022,797.5941026831,1132.5882002302899,552.89528130412
